ID,OD_WT_Ratio,Pipe_WT,Pipe_OD,Yield_Strength,Tensile_Strength,Fake Elongation,C,Mn,S,P,Ni,Cu,Nb,Pipe_Vintage,Grade_Name
9,0.015625,0.375,24,36300,56000,34,0.099,0.49,0.026,0.011,0.049,0.097,0.001,1948,Grade A
3,0.045735849,0.303,6.625,29214,52386,39.66345493,0.105,0.506,0.03,0.011,0.009,0.048,0.001,1929,Grade A
17,0.037333333,0.322,8.625,38300,55000,40.34045524,0.036,0.374,0.021,0.059,0.005,0.011,0.002,1943,Grade A
27,0.052666667,0.237,4.5,47800,66500,37.95012745,0.049,0.408,0.02,0.075,0.01,0.009,0.001,1950,Grade A
13,0.037333333,0.322,8.625,37000,55500,29.08283169,0.051,0.483,0.028,0.054,0.006,0.01,0.001,1957,Grade A
8,0.037333333,0.322,8.625,36100,49000,30.40473264,0.037,0.361,0.021,0.061,0.005,0.012,0.002,1943,Grade A
24,0.022376812,0.193,8.625,45000,51000,32.12202116,0.092,0.381,0.016,0.004,0.051,0.053,0.001,1958,Grade A
1,0.04025,0.322,8,25559,47173,17.41397083,0.039,0.4,0.021,0.011,0.007,0.01,0.001,1929,Grade A
16,0.037333333,0.322,8.625,38200,60000,23.25299725,0.03,0.332,0.015,0.045,0.005,0.006,0.001,1957,Grade A
26,0.04709434,0.312,6.625,47700,54500,46.32325249,0.056,0.44,0.014,0.004,0.046,0.064,0.002,1955,Grade A
0,0.04025,0.322,8,25428,46492,21.0149131,0.053,0.392,0.012,0.009,0.006,0.01,0.001,1929,Grade A
4,0.036521739,0.315,8.625,32796,50860,33.86448879,0.199,0.573,0.027,0.006,0.033,0.141,0.002,1953,Grade A
21,0.019607843,0.25,12.75,40400,53200,17.89200717,0.075,0.405,0.008,0.005,0.033,0.074,0.001,1962,Grade A
23,0.015625,0.375,24,41700,52500,36.5,0.064,0.38,0.021,0.009,0.04,0.124,0.001,1948,Grade A
12,0.015625,0.375,24,37000,53500,44,0.064,0.38,0.021,0.009,0.04,0.124,0.001,1948,Grade A
5,0.015625,0.375,24,35100,51500,42,0.042,0.32,0.011,0.006,0.055,0.112,0.002,1948,Grade A
11,0.033953488,0.365,10.75,36600,52500,31.65663727,0.086,0.405,0.03,0.007,0.008,0.015,0.001,1927,Grade A
15,0.0156,0.312,20,37800,61000,42.17406144,0.039,0.37,0.019,0.058,0.004,0.005,0.002,1929,Grade A
2,0.04025,0.322,8,26652,47054,24.53716785,0.076,0.297,0.028,0.006,0.032,0.008,0.001,1929,Grade A
22,0.0188,0.188,10,40800,60000,41.81397751,0.12,0.54,0.027,0.01,0.008,0.017,0,1928,Grade A
47,0.02855814,0.307,10.75,35309,50591,38.2938564,0.038,0.378,0.013,0.013,0.031,0.022,0.001,1948,Grade B
232,0.028377358,0.188,6.625,54500,68600,22.53323948,0.184,0.701,0.023,0.008,0.09,0.116,0.001,1946,Grade B
77,0.027375,0.438,16,40500,66000,44.76312667,0.259,0.562,0.017,0.007,0.011,0.012,0.001,1953,Grade B
181,0.023536232,0.203,8.625,50000,69500,33.3395374,0.281,0.666,0.021,0.008,0.008,0.016,0.003,1964,Grade B
142,0.037735849,0.25,6.625,47700,72500,32.05831833,0.046,0.825,0.005,0.009,0.056,0.116,0.017,1970,Grade B
224,0.028377358,0.188,6.625,53662,68462,52.20241188,0.241,0.716,0.031,0.031,0.023,0.111,0.001,1956,Grade B
222,0.0125,0.25,20,53500,68500,31.21027792,0.278,0.841,0.016,0.009,0.015,0.017,0.002,1969,Grade B
129,0.028377358,0.188,6.625,46600,66000,44.76161473,0.262,0.715,0.03,0.01,0.052,0.181,0.003,1955,Grade B
119,0.041777778,0.188,4.5,45800,69500,30.80354606,0.16,0.494,0.027,0.012,0.034,0.053,0.001,1975,Grade B
221,0.037333333,0.322,8.625,53500,71000,25.35755071,0.246,0.745,0.018,0.004,0.018,0.02,0.001,1970,Grade B
208,0.017488372,0.188,10.75,52000,72500,42.54727947,0.237,0.713,0.026,0.009,0.024,0.121,0.001,1956,Grade B
84,0.014181818,0.312,22,41500,71000,49.69959824,0.232,0.486,0.04,0.017,0.006,0.009,0.002,1949,Grade B
197,0.019607843,0.25,12.75,51299,76839,56.33957858,0.292,1.01,0.016,0.022,0.011,0.063,0.001,1970,Grade B
151,0.053960784,0.688,12.75,48000,69000,20.91771814,0.248,0.599,0.021,0.006,0.013,0.013,0.003,1966,Grade B
50,0.02855814,0.307,10.75,35619,47387,28.30513614,0.038,0.378,0.013,0.013,0.031,0.022,0.001,1948,Grade B
184,0.024470588,0.312,12.75,50500,66500,43.42169047,0.23,0.49,0.03,0.027,0.06,0.104,0.001,1949,Grade B
121,0.0125,0.25,20,45900,62500,40.69700782,0.22,0.76,0.022,0.009,0.009,0.016,0.002,1974,Grade B
114,0.039215686,0.5,12.75,45600,73000,31.38711977,0.216,0.655,0.007,0.007,0.022,0.015,0.002,1991,Grade B
106,0.026785714,0.375,14,44200,77000,41.88875222,0.2,0.52,0.027,0.026,0.13,0.2,0,1951,Grade B
44,0.033953488,0.365,10.75,34900,53000,51.05617181,0.08,0.413,0.012,0.018,0.011,0.028,0.003,1930,Grade B
178,0.017488372,0.188,10.75,49700,69500,15.33616758,0.261,0.719,0.027,0.012,0.024,0.121,0.001,1956,Grade B
108,0.023255814,0.25,10.75,44500,65500,49.58052229,0.228,0.541,0.021,0.008,0.028,0.06,0.002,1956,Grade B
140,0.042264151,0.28,6.625,47600,63000,38.44359259,0.119,0.468,0.014,0.02,0.013,0.038,0.001,1932,Grade B
204,0.028377358,0.188,6.625,51985,62029,42.67109706,0.096,0.63,0.011,0.003,0.073,0.191,0.007,1960,Grade B
85,0.029411765,0.375,12.75,41519,71107,51.28339932,0.254,0.741,0.018,0.008,0.026,0.025,0,1978,Grade B
246,0.028377358,0.188,6.625,57000,71000,31.49091281,0.149,0.685,0.019,0.008,0.082,0.113,0.002,1946,Grade B
191,0.065207547,0.432,6.625,50700,80100,43.4093455,0.262,0.813,0.013,0.011,0.013,0.008,0.001,1970,Grade B
186,0.020372093,0.219,10.75,50500,66500,35.52453587,0.261,0.765,0.012,0.007,0.023,0.036,0.001,1950,Grade B
34,0.025391304,0.219,8.625,33400,51000,36.03957694,0.149,0.617,0.02,0.018,0.041,0.121,0.001,1953,Grade B
147,0.017488372,0.188,10.75,47900,71000,31.64264976,0.21,0.848,0.031,0.015,0.069,0.047,0.001,1956,Grade B
263,0.041777778,0.188,4.5,60500,72500,42.98634408,0.279,0.709,0.035,0.008,0.045,0.096,0.001,1962,Grade B
97,0.042264151,0.28,6.625,42700,59000,35.69444384,0.221,0.898,0.019,0.011,0.019,0.042,0.001,1977,Grade B
164,0.052666667,0.237,4.5,49000,65100,26.28709618,0.109,0.431,0.035,0.023,0.068,0.164,0.001,1954,Grade B
238,0.02855814,0.307,10.75,55500,71000,15.15983969,0.15,0.588,0.023,0.006,0.009,0.022,0.001,1959,Grade B
75,0.037333333,0.322,8.625,40400,55000,25.96124187,0.089,0.4,0.026,0.014,0.008,0.008,0.001,1905,Grade B
172,0.023536232,0.203,8.625,49600,64000,35.58701799,0.201,0.557,0.021,0.006,0.034,0.042,0.002,1946,Grade B
91,0.010416667,0.25,24,42200,61500,21.24920571,0.215,0.47,0.002,0.004,0.008,0.01,0.001,1970,Grade B
209,0.028377358,0.188,6.625,52000,67000,30.11621596,0.177,0.721,0.032,0.007,0.101,0.101,0.003,1946,Grade B
35,0.02855814,0.307,10.75,33401,49099,41.5993787,0.038,0.378,0.013,0.013,0.031,0.022,0.001,1948,Grade B
138,0.041777778,0.188,4.5,47100,66500,34.67093737,0.205,0.547,0.008,0.013,0.021,0.036,0.001,1989,Grade B
29,0.032115942,0.277,8.625,31300,54000,45.67709664,0.143,0.481,0.022,0.007,0.009,0.044,0.001,1929,Grade B
169,0.025,0.25,10,49465,74285,27.77652461,0.232,0.664,0.017,0.014,0.009,0.015,0.001,1945,Grade B
150,0.052666667,0.237,4.5,47900,76700,24.53739397,0.246,0.658,0.01,0.009,0.041,0.024,0.001,1990,Grade B
141,0.0375,0.375,10,47700,70000,22.87870407,0.228,0.542,0.025,0.028,0.06,0.05,0.001,1948,Grade B
31,0.02855814,0.307,10.75,33065,49868,32.93279264,0.038,0.378,0.013,0.013,0.031,0.022,0.001,1948,Grade B
180,0.028377358,0.188,6.625,49900,66000,49.47630253,0.186,0.668,0.032,0.011,0.073,0.134,0.003,1946,Grade B
57,0.027375,0.438,16,38000,62000,27.61464361,0.194,0.534,0.014,0.005,0.01,0.011,0.001,1953,Grade B
215,0.0156,0.312,20,53000,73500,30.36827887,0.224,0.09,0.015,0.009,0.022,0.017,0.001,1987,Grade B
189,0.037333333,0.322,8.625,50600,65000,34.81042206,0.182,0.636,0.013,0.006,0.013,0.01,0.001,1957,Grade B
193,0.037333333,0.322,8.625,51000,63000,34.3867681,0.215,0.639,0.013,0.007,0.014,0.011,0.001,1957,Grade B
249,0.041777778,0.188,4.5,57500,69000,26.5784067,0.137,0.63,0.016,0.004,0.045,0.058,0.001,1965,Grade B
74,0.027375,0.438,16,40400,64500,28.93218596,0.254,0.563,0.02,0.007,0.011,0.012,0.001,1953,Grade B
183,0.032115942,0.277,8.625,50164,77529,47.20020468,0.153,0.427,0.024,0.079,0.006,0.012,0.001,1945,Grade B
67,0.022285714,0.312,14,39500,67500,20.30443639,0.239,0.56,0.015,0.009,0.005,0.002,0.001,1983,Grade B
171,0.017488372,0.188,10.75,49500,62000,32.84187136,0.217,0.548,0.016,0.008,0.029,0.067,0.001,1956,Grade B
274,0.028377358,0.188,6.625,68500,82000,39.71512023,0.17,0.52,0.017,0.005,0.059,0.013,0,1973,Grade B
223,0.015625,0.25,16,53500,70000,39.81544676,0.142,0.68,0.02,0.007,0.047,0.047,0.001,1940,Grade B
161,0.015625,0.25,16,48800,60000,42.55942506,0.059,0.334,0.056,0.098,0.004,0.005,0.001,1953,Grade B
115,0.02855814,0.307,10.75,45600,73000,47.13307983,0.192,0.896,0.019,0.027,0.01,0.03,0.001,1929,Grade B
100,0.027375,0.438,16,43000,66500,32.96387304,0.271,0.459,0.027,0.007,0.017,0.023,0.001,1951,Grade B
255,0.041777778,0.188,4.5,58000,68500,19.58515446,0.183,0.46,0.006,0.005,0.102,0.276,0.001,1969,Grade B
64,0.015625,0.25,16,39100,55500,43.00636129,0.059,0.334,0.056,0.098,0.004,0.005,0.001,1953,Grade B
105,0.052666667,0.237,4.5,44100,73500,37.236382,0.246,0.663,0.008,0.01,0.036,0.014,0.001,1990,Grade B
179,0.023255814,0.25,10.75,49700,65900,24.03331287,0.172,0.65,0.016,0.009,0.016,0.017,0.001,1956,Grade B
194,0.020372093,0.219,10.75,51000,66500,25.77028166,0.218,0.591,0.024,0.01,0.018,0.04,0.001,1952,Grade B
244,0.043478261,0.375,8.625,57000,74500,27.76788584,0.227,0.69,0.016,0.008,0.007,0.009,0.001,1964,Grade B
259,0.041777778,0.188,4.5,59500,71500,32.23426194,0.215,0.786,0.025,0.008,0.023,0.031,0.002,1972,Grade B
258,0.025391304,0.219,8.625,58731,72953,37.82555574,0.229,0.435,0.038,0.01,0.029,0.036,0.001,1946,Grade B
125,0.03257971,0.281,8.625,46500,66000,25.34998101,0.064,0.386,0.05,0.101,0.006,0.004,0.001,1930,Grade B
156,0.032115942,0.277,8.625,48300,76500,34.51222596,0.178,1.16,0.015,0.018,0.011,0.019,0.001,1952,Grade B
187,0.017488372,0.188,10.75,50500,71000,38.83274494,0.159,0.476,0.016,0.011,0.096,0.129,0.001,1956,Grade B
173,0.0195,0.312,16,49700,77000,32.12693156,0.302,1.07,0.012,0.003,0.043,0.058,0.001,1979,Grade B
102,0.028985507,0.25,8.625,43500,79500,15.50381833,0.284,0.92,0.021,0.006,0.015,0.033,0.002,1952,Grade B
99,0.028985507,0.25,8.625,42800,72500,16.81804888,0.25,0.84,0.023,0.007,0.009,0.012,0.001,1952,Grade B
86,0.043169811,0.286,6.625,41800,64000,33.65834552,0.186,0.437,0.017,0.004,0.008,0.012,0.001,1947,Grade B
207,0.018883721,0.203,10.75,52000,70000,33.80570941,0.219,0.583,0.021,0.013,0.015,0.018,0.001,1957,Grade B
214,0.029411765,0.375,12.75,53000,67000,47.832059,0.28,0.55,0.02,0.018,0.008,0.008,0.001,1984,Grade B
66,0.042264151,0.28,6.625,39400,61000,25.33910888,0.197,0.665,0.041,0.018,0.139,0.182,0.001,1970,Grade B
62,0.037333333,0.322,8.625,38600,64500,20.12091301,0.295,0.442,0.026,0.006,0.012,0.026,0.001,1955,Grade B
166,0.028377358,0.188,6.625,49100,63000,40.72254331,0.184,0.536,0.025,0.008,0.094,0.167,0.003,1946,Grade B
56,0.037333333,0.322,8.625,37500,54000,15.7361802,0.119,0.448,0.021,0.013,0.008,0.009,0.001,1905,Grade B
135,0.015636364,0.344,22,47000,73000,32.98486885,0.22,0.498,0.015,0.009,0.007,0.03,0.001,1949,Grade B
240,0.037735849,0.25,6.625,56000,77500,23.50531667,0.232,0.518,0.027,0.03,0.058,0.215,0.001,1955,Grade B
48,0.02855814,0.307,10.75,35448,48143,30.23891034,0.038,0.378,0.013,0.013,0.031,0.022,0.001,1948,Grade B
98,0.023255814,0.25,10.75,42800,71500,51.87608886,0.299,0.53,0.03,0.012,0.039,0.052,0.002,1930,Grade B
261,0.023255814,0.25,10.75,60000,73500,35.71893115,0.222,0.542,0.028,0.026,0.053,0.048,0.001,1948,Grade B
199,0.023255814,0.25,10.75,51500,68000,33.18430945,0.222,0.542,0.028,0.026,0.053,0.048,0.001,1948,Grade B
33,0.02855814,0.307,10.75,33217,45492,48.72617843,0.048,0.33,0.008,0.003,0.025,0.022,0.001,1948,Grade B
53,0.052666667,0.237,4.5,36700,69500,48.83153716,0.247,0.74,0.017,0.011,0.023,0.018,0.001,1984,Grade B
217,0.032115942,0.277,8.625,53000,77500,37.5545749,0.16,1.16,0.019,0.018,0.01,0.018,0.001,1952,Grade B
225,0.045283019,0.3,6.625,54000,59500,42.59929215,0.108,0.384,0.016,0.009,0.011,0.058,0.001,1938,Grade B
148,0.017488372,0.188,10.75,47900,71000,41.37275691,0.21,0.848,0.031,0.015,0.069,0.047,0.001,1956,Grade B
210,0.032,0.344,10.75,52500,66000,31.32767589,0.207,0.64,0.02,0.007,0.056,0.093,0.006,1948,Grade B
170,0.032,0.344,10.75,49500,62000,36.60257402,0.202,0.461,0.02,0.013,0.03,0.057,0.001,1948,Grade B
131,0.052666667,0.237,4.5,46700,65600,25.17986405,0.125,0.468,0.038,0.021,0.059,0.163,0.001,1954,Grade B
59,0.037333333,0.322,8.625,38400,63500,32.91106375,0.216,0.435,0.018,0.004,0.007,0.013,0.001,1946,Grade B
39,0.02855814,0.307,10.75,34073,46183,48.49449976,0.048,0.33,0.008,0.003,0.025,0.022,0.001,1948,Grade B
271,0.041777778,0.188,4.5,65333,76582,43.17251158,0.184,0.544,0.024,0.004,0.137,0.168,0.001,1956,Grade B
70,0.032115942,0.277,8.625,39900,63000,40.16812951,0.145,0.946,0.016,0.012,0.008,0.016,0,1950,Grade B
196,0.028985507,0.25,8.625,51025,72529,20.9838193,0.162,0.639,0.046,0.02,0.02,0.077,0.001,1957,Grade B
96,0.032,0.344,10.75,42700,69000,44.19472955,0.271,0.463,0.027,0.012,0.024,0.061,0.002,1934,Grade B
241,0.025391304,0.219,8.625,56000,71500,21.35051543,0.241,0.893,0.017,0.011,0.023,0.034,0.001,1973,Grade B
153,0.02855814,0.307,10.75,48200,78500,39.9619432,0.218,0.927,0.017,0.029,0.008,0.009,0.001,1929,Grade B
260,0.043478261,0.375,8.625,60000,74500,32.10507624,0.227,0.69,0.016,0.008,0.007,0.009,0.001,1964,Grade B
146,0.037735849,0.25,6.625,47900,74500,24.08220577,0.231,0.49,0.018,0.038,0.067,0.132,0.001,1955,Grade B
116,0.064842105,0.154,2.375,45600,79000,30.99961374,0.251,0.41,0.022,0.008,0.008,0.007,0.001,1965,Grade B
38,0.02855814,0.307,10.75,34015,45814,27.45826484,0.048,0.33,0.008,0.003,0.025,0.022,0.001,1948,Grade B
104,0.039215686,0.5,12.75,44100,72500,25.53378725,0.216,0.653,0.007,0.007,0.022,0.015,0.001,1991,Grade B
213,0.021797101,0.188,8.625,52500,74500,33.80671424,0.246,1.14,0.014,0.008,0.031,0.027,0.001,1973,Grade B
264,0.032115942,0.277,8.625,60700,82300,47.9099782,0.185,0.465,0.03,0.093,0.004,0.011,0.001,1950,Grade B
157,0.074888889,0.337,4.5,48500,67500,33.42214318,0.227,0.78,0.031,0.017,0.045,0.027,0.003,1960,Grade B
130,0.023536232,0.203,8.625,46700,72500,39.47820946,0.253,0.748,0.029,0.008,0.078,0.17,0.002,1975,Grade B
202,0.029019153,0.25,8.615,51600,73600,24.50527963,0.228,0.881,0.03,0.019,0.011,0.17,0.001,1947,Grade B
201,0.02354717,0.156,6.625,51500,65000,34.49274175,0.202,0.468,0.03,0.011,0.013,0.057,0.001,1959,Grade B
256,0.031333333,0.141,4.5,58500,77000,28.29163838,0.23,0.851,0.013,0.003,0.024,0.05,0.004,1977,Grade B
40,0.025391304,0.219,8.625,34300,52500,25.71145225,0.149,0.617,0.02,0.018,0.041,0.121,0.001,1953,Grade B
176,0.023255814,0.25,10.75,49700,68500,25.76201961,0.236,0.466,0.028,0.027,0.031,0.038,0.002,1948,Grade B
137,0.032115942,0.277,8.625,47100,55000,34.39842627,0.123,0.459,0.019,0.01,0.022,0.072,0.001,1933,Grade B
89,0.01405,0.281,20,42100,64500,31.57451702,0.271,0.441,0.025,0.005,0.007,0.012,0.001,1958,Grade B
177,0.023536232,0.203,8.625,49700,62800,21.90170823,0.197,0.639,0.016,0.005,0.039,0.095,0.004,1946,Grade B
165,0.032115942,0.277,8.625,49100,71500,19.36807599,0.181,0.471,0.012,0.073,0.006,0.013,0.001,1952,Grade B
143,0.041777778,0.188,4.5,47700,72500,29.30816798,0.186,0.54,0.025,0.02,0.059,0.086,0.002,1970,Grade B
230,0.025391304,0.219,8.625,54500,72000,43.47661086,0.231,0.44,0.024,0.009,0.026,0.04,0.002,1946,Grade B
254,0.028377358,0.188,6.625,58000,76000,32.75012791,0.262,0.713,0.028,0.011,0.053,0.18,0.003,1955,Grade B
154,0.028985507,0.25,8.625,48200,76500,25.30970682,0.282,0.92,0.018,0.006,0.016,0.033,0.001,1952,Grade B
155,0.014181818,0.312,22,48300,74000,23.97716445,0.232,0.486,0.04,0.017,0.006,0.009,0.002,1949,Grade B
205,0.032,0.344,10.75,52000,66000,44.17740533,0.243,0.485,0.031,0.019,0.049,0.067,0.002,1948,Grade B
94,0.052666667,0.237,4.5,42400,73500,31.26377707,0.24,0.71,0.017,0.01,0.023,0.018,0.001,1984,Grade B
168,0.037735849,0.25,6.625,49300,73500,31.19106165,0.192,0.451,0.028,0.036,0.051,0.115,0.001,1955,Grade B
127,0.032,0.344,10.75,46600,72500,17.05517037,0.268,0.438,0.021,0.011,0.014,0.024,0.002,1934,Grade B
55,0.025,0.5,20,37400,64500,38.42396042,0.255,0.631,0.024,0.007,0.009,0.012,0.001,1955,Grade B
61,0.037333333,0.322,8.625,38600,64500,41.4659462,0.295,0.442,0.026,0.006,0.012,0.026,0.001,1955,Grade B
65,0.025953488,0.279,10.75,39200,60000,23.43157551,0.164,0.513,0.017,0.007,0.007,0.02,0.001,1930,Grade B
167,0.028377358,0.188,6.625,49136,63969,25.81056562,0.225,0.736,0.029,0.029,0.024,0.116,0.001,1956,Grade B
229,0.037735849,0.25,6.625,54500,62500,32.85158589,0.173,0.814,0.013,0.01,0.033,0.013,0.001,1955,Grade B
206,0.037735849,0.25,6.625,52000,74000,17.42506529,0.248,0.388,0.032,0.026,0.043,0.092,0.001,1955,Grade B
145,0.025882353,0.33,12.75,47882,73734,32.82971139,0.25,0.67,0.021,0.016,0.022,0.064,0.001,1952,Grade B
95,0.052666667,0.237,4.5,42500,65900,35.10875867,0.21,0.655,0.021,0.007,0.024,0.033,0.001,1970,Grade B
51,0.031304348,0.27,8.625,36000,59000,5.013577831,0.059,0.359,0.05,0.093,0.005,0.005,0.001,1942,Grade B
212,0.023255814,0.25,10.75,52500,68000,35.88162943,0.196,0.458,0.024,0.03,0.047,0.046,0.001,1948,Grade B
45,0.02855814,0.307,10.75,35184,46681,28.61547709,0.038,0.378,0.013,0.013,0.031,0.022,0.001,1948,Grade B
71,0.033953488,0.365,10.75,40000,66000,58.19381194,0.21,0.751,0.014,0.01,0.023,0.031,0.001,1968,Grade B
113,0.023536232,0.203,8.625,45000,69000,46.85248747,0.153,0.727,0.024,0.011,0.009,0.015,0.001,1946,Grade B
90,0.027375,0.438,16,42200,63500,22.07293891,0.218,0.392,0.022,0.006,0.007,0.009,0.001,1951,Grade B
107,0.023255814,0.25,10.75,44300,68000,29.95600977,0.206,0.583,0.014,0.007,0.009,0.012,0.001,1946,Grade B
245,0.019607843,0.25,12.75,57000,77500,16.97719189,0.237,0.59,0.032,0.007,0.047,0.141,0.001,1941,Grade B
133,0.025882353,0.33,12.75,46773,74686,46.70348527,0.254,0.676,0.023,0.017,0.022,0.064,0.001,1952,Grade B
226,0.024470588,0.312,12.75,54500,69000,14.52821786,0.23,0.49,0.03,0.027,0.06,0.104,0.001,1949,Grade B
54,0.036173913,0.312,8.625,36800,65500,36.1076276,0.212,0.434,0.014,0.004,0.007,0.013,0.001,1946,Grade B
262,0.0156,0.312,20,60500,78000,38.62949019,0.225,0.94,0.01,0.01,0.01,0.009,0.018,1971,Grade B
124,0.037735849,0.25,6.625,46400,68000,36.76223619,0.19,0.49,0.018,0.053,0.004,0.009,0.001,1956,Grade B
60,0.027375,0.438,16,38500,64000,48.77055229,0.205,0.429,0.022,0.006,0.016,0.021,0.001,1951,Grade B
122,0.03008,0.188,6.25,45961,57208,34.70602704,0.12,0.407,0.02,0.004,0.112,0.113,0.001,1946,Grade B
233,0.025391304,0.219,8.625,54896,69026,21.95292399,0.229,0.435,0.038,0.01,0.029,0.036,0.001,1946,Grade B
126,0.03008,0.188,6.25,46500,60706,38.52039125,0.157,0.585,0.028,0.006,0.049,0.093,0.001,1946,Grade B
235,0.028377358,0.188,6.625,55000,70000,52.46979741,0.216,0.794,0.046,0.009,0.109,0.109,0.002,1946,Grade B
128,0.0156,0.312,20,46600,68500,40.03787155,0.165,1.06,0.009,0.015,0.013,0.019,0.001,1971,Grade B
41,0.032115942,0.277,8.625,34400,56000,20.32045795,0.141,0.448,0.022,0.007,0.007,0.012,0.001,1929,Grade B
58,0.037333333,0.322,8.625,38100,49500,49.95519664,0.082,0.453,0.033,0.01,0.013,0.03,0.001,1948,Grade B
237,0.029411765,0.375,12.75,55476,74505,13.53322095,0.245,0.783,0.028,0.013,0.007,0.013,0.001,1937,Grade B
239,0.024470588,0.312,12.75,55700,67100,28.39735444,0.226,0.489,0.026,0.011,0.032,0.048,0.001,1958,Grade B
80,0.027375,0.438,16,40900,63000,30.63545506,0.196,0.423,0.018,0.005,0.016,0.021,0.001,1951,Grade B
111,0.037735849,0.25,6.625,44800,65500,33.54791647,0.19,0.49,0.018,0.053,0.004,0.009,0.001,1956,Grade B
251,0.028377358,0.188,6.625,57700,74200,28.52833273,0.153,0.694,0.021,0.008,0.089,0.114,0.001,1946,Grade B
220,0.028377358,0.188,6.625,53300,67600,24.72229911,0.177,0.717,0.03,0.008,0.88,0.113,0.001,1946,Grade B
275,0.053714286,0.188,3.5,74500,84000,43.75700508,0.196,0.85,0.003,0.016,0.007,0.016,0.002,1992,Grade B
144,0.021797101,0.188,8.625,47732,61487,31.29897861,0.229,0.428,0.033,0.016,0.07,0.066,0.001,1950,Grade B
211,0.037333333,0.322,8.625,52500,66200,36.78678866,0.213,0.636,0.014,0.006,0.014,0.01,0.001,1957,Grade B
188,0.028377358,0.188,6.625,50500,65000,33.21926721,0.261,0.76,0.028,0.009,0.028,0.143,0.002,1954,Grade B
175,0.0125,0.25,20,49700,65000,28.93048423,0.22,0.76,0.022,0.009,0.009,0.016,0.002,1974,Grade B
103,0.052666667,0.237,4.5,44000,63000,34.80554316,0.105,0.401,0.028,0.019,0.057,0.131,0.001,1954,Grade B
149,0.017488372,0.188,10.75,47900,69000,40.60925033,0.199,0.832,0.029,0.014,0.066,0.045,0.001,1956,Grade B
273,0.029019153,0.25,8.615,66600,88600,5.315775309,0.251,0.827,0.023,0.013,0.009,0.012,0.001,1947,Grade B
231,0.028377358,0.188,6.625,54500,69000,33.02803987,0.15,0.751,0.015,0.006,0.09,0.157,0.012,1946,Grade B
476,0.02354717,0.156,6.625,55000,71500,13.17323633,0.216,0.543,0.024,0.005,0.04,0.075,0.001,1964,X42
328,0.015625,0.25,16,47400,71000,42.91095275,0.25,0.69,0.025,0.006,0.029,0.081,0.002,1960,X42
574,0.023536232,0.203,8.625,67500,81500,51.14948973,0.21,1.01,0.021,0.006,0.014,0.017,0.001,1964,X42
562,0.02855814,0.307,10.75,63000,76000,36.8905545,0.244,0.844,0.03,0.011,0.046,0.148,0.001,1951,X42
555,0.047,0.188,4,62300,73700,32.1,0.199,0.546,0.022,0.004,0.083,0.167,0.001,1970,X42
454,0.026352941,0.28,10.625,54000,77000,36.50753096,0.259,0.76,0.024,0.01,0.028,0.036,0.002,1950,X42
542,0.025391304,0.219,8.625,60500,69500,23.07494574,0.21,0.92,0.021,0.007,0.053,0.029,0.002,1969,X42
505,0.047,0.188,4,57400,69400,17.2,0.21,0.602,0.029,0.005,0.074,0.225,0.001,1970,X42
316,0.019607843,0.25,12.75,46500,72000,42.41730632,0.243,0.789,0.024,0.01,0.011,0.018,0.001,1954,X42
549,0.047,0.188,4,61300,68600,43.6,0.06,0.877,0.006,0.009,0.004,0.004,0.016,1970,X42
518,0.0234375,0.375,16,58500,70000,33.06193768,0.056,0.956,0.006,0.006,0.004,0.005,0.022,1999,X42
341,0.028985507,0.25,8.625,48000,64500,44.2,0.209,0.809,0.024,0.008,0.011,0.071,0.001,1967,X42
520,0.028377358,0.188,6.625,58500,73500,24.90933823,0.22,0.65,0.021,0.005,0.07,0.17,0.003,1960,X42
374,0.024470588,0.312,12.75,49100,76000,26.92638697,0.31,0.92,0.041,0.012,0.029,0.05,0.002,1950,X42
402,0.024470588,0.312,12.75,51000,75000,51.41966902,0.29,0.891,0.027,0.008,0.019,0.04,0.003,1950,X42
570,0.047,0.188,4,65200,70248,30.5,0.052,0.975,0.006,0.007,0.005,0.006,0.023,1970,X42
566,0.023536232,0.203,8.625,63500,81500,50.91981143,0.21,1.01,0.021,0.006,0.014,0.017,0.001,1964,X42
482,0.02354717,0.156,6.625,55481,69483,31.6,0.246,0.792,0.024,0.008,0.023,0.059,0.001,1966,X42
339,0.019607843,0.25,12.75,47900,66000,45.21002351,0.26,0.79,0.02,0.012,0.032,0.075,0.003,1950,X42
299,0.0234375,0.375,16,45000,78500,30.45836176,0.285,0.82,0.02,0.009,0.016,0.019,0.001,1951,X42
384,0.037735849,0.25,6.625,49800,73500,37.50337019,0.191,0.592,0.027,0.006,0.062,0.077,0.002,1977,X42
369,0.033056604,0.219,6.625,48939,70424,40.9,0.225,0.732,0.027,0.012,0.022,0.094,0.001,1966,X42
312,0.025,0.5,20,46200,69000,25.30725343,0.239,0.814,0.028,0.023,0.039,0.046,0.002,1952,X42
323,0.025882353,0.33,12.75,46800,69500,41.49981244,0.24,0.57,0.022,0.01,0.02,0.05,0,1939,X42
381,0.0195,0.312,16,49750,68000,41.49218565,0.162,1.06,0.007,0.015,0.013,0.016,0.001,2002,X42
297,0.0234375,0.375,16,44800,71000,50.60618178,0.338,0.74,0.035,0.009,0.015,0.017,0.001,1951,X42
400,0.022727273,0.5,22,51000,79000,45.88787182,0.261,0.838,0.026,0.017,0.016,0.016,0.001,1949,X42
578,0.041050541,0.186,4.531,69500,75500,29,0.068,0.945,0.006,0.016,0.068,0.129,0.012,2000,X42
310,0.022039216,0.281,12.75,46000,69900,31,0.264,0.45,0.022,0.021,0.026,0.077,0.001,1983,X42
474,0.023536232,0.203,8.625,55000,74500,19.80818399,0.195,0.87,0.019,0.01,0.014,0.021,0.001,1964,X42
370,0.026785714,0.375,14,49000,77000,26.29795717,0.285,0.911,0.024,0.011,0.025,0.098,0.002,1951,X42
488,0.023255814,0.25,10.75,55538,71486,41.2,0.215,0.74,0.016,0.012,0.089,0.094,0.001,1975,X42
544,0.028377358,0.188,6.625,60500,67500,43.34842405,0.185,0.64,0.025,0.008,0.04,0.13,0.002,1965,X42
283,0.037735849,0.25,6.625,43100,69500,33.87774959,0.221,0.805,0.019,0.007,0.006,0.01,0.001,1948,X42
564,0.040829839,0.185,4.531,63000,67500,27,0.05,0.965,0.006,0.007,0.004,0.006,0.021,2000,X42
466,0.046666667,0.28,6,54400,80200,26,0.226,0.758,0.005,0.007,0.083,0.164,0.001,1983,X42
360,0.015625,0.25,16,48600,65700,35.7,0.209,0.926,0.016,0.007,0.019,0.033,0.001,1970,X42
285,0.0234375,0.375,16,43500,70000,29.05583945,0.283,0.673,0.022,0.005,0.012,0.029,0.001,1962,X42
414,0.028985507,0.25,8.625,51500,72600,25.04207106,0.25,0.6,0.042,0.025,0.065,0.09,0,1956,X42
295,0.025882353,0.33,12.75,44200,74500,23.85617283,0.24,0.57,0.022,0.01,0.02,0.05,0,1939,X42
417,0.021797101,0.188,8.625,51500,71000,35.28199824,0.199,1.33,0.013,0.011,0.011,0.04,0.001,1979,X42
455,0.023255814,0.25,10.75,54000,67000,34.32063393,0.177,0.616,0.015,0.006,0.016,0.058,0.002,1954,X42
355,0.0195,0.312,16,48500,60500,39.70863541,0.24,0.72,0.04,0.01,0.047,0.087,0,1959,X42
581,0.052666667,0.237,4.5,72000,75500,42.16710775,0.064,0.859,0.006,0.008,0.021,0.054,0.024,1997,X42
453,0.057971014,0.5,8.625,54000,74000,26.22599469,0.198,1.07,0.007,0.005,0.013,0.024,0.001,2005,X42
550,0.037333333,0.322,8.625,61500,69000,21.25911252,0.046,0.974,0.005,0.013,0.039,0.075,0.012,2002,X42
420,0.012772727,0.281,22,51957,71061,41.2,0.226,0.718,0.028,0.035,0.029,0.045,0.001,1949,X42
469,0.028377358,0.188,6.625,54500,79500,37.53148217,0.245,1.08,0.025,0.015,0.012,0.01,0.002,1960,X42
425,0.044571429,0.156,3.5,52000,63000,27.5,0.268,0.488,0.015,0.008,0.036,0.062,0.001,1968,X42
286,0.0234375,0.375,16,43500,67500,25.34479276,0.239,0.7,0.024,0.008,0.014,0.016,0.001,1951,X42
401,0.0234375,0.375,16,51000,80500,26.19693738,0.251,1.04,0.024,0.01,0.011,0.015,0.001,1951,X42
435,0.02354717,0.156,6.625,52500,68000,46.51282338,0.201,0.547,0.007,0.008,0.009,0.074,0.001,1965,X42
486,0.019607843,0.25,12.75,55500,74500,38.54844383,0.237,0.621,0.028,0.008,0.074,0.237,0.001,1954,X42
424,0.028377358,0.188,6.625,52000,78500,18.38868268,0.249,1.06,0.025,0.016,0.012,0.011,0.002,1960,X42
347,0.022727273,0.5,22,48300,76500,26.60293456,0.276,0.831,0.016,0.016,0.014,0.014,0.001,1949,X42
572,0.02354717,0.156,6.625,66754,79601,37.1,0.258,0.861,0.021,0.009,0.009,0.006,0.001,1966,X42
532,0.028377358,0.188,6.625,59600,71900,27,0.203,1,0.018,0.005,0.021,0.028,0.001,1965,X42
356,0.014745098,0.188,12.75,48500,69000,37.99488823,0.226,0.961,0.018,0.006,0.095,0.088,0.002,1974,X42
458,0.020372093,0.219,10.75,54000,73500,33.13266989,0.237,0.595,0.02,0.005,0.014,0.069,0.001,1965,X42
487,0.017333333,0.312,18,55500,82000,25,0.279,0.83,0.031,0.01,0.062,0.225,0.001,1949,X42
395,0.023255814,0.25,10.75,50500,60500,43.00247714,0.24,0.566,0.03,0.007,0.045,0.17,0.001,1954,X42
412,0.026352941,0.28,10.625,51500,76000,54.50569235,0.245,1.01,0.027,0.009,0.048,0.057,0.002,1950,X42
567,0.047,0.188,4,64000,77500,24.56929107,0.217,0.563,0.016,0.004,0.057,0.128,0.002,1981,X42
527,0.028110048,0.188,6.688,59000,69000,37,0.22,0.499,0.028,0.004,0.088,0.246,0.001,1954,X42
421,0.036173913,0.312,8.625,52000,64500,50.94148158,0.186,0.7,0.012,0.005,0.029,0.031,0.001,1973,X42
277,0.022039216,0.281,12.75,37900,66000,21.56276015,0.26,0.77,0.019,0.013,0.041,0.045,0.0002,1950,X42
537,0.028985507,0.25,8.625,60000,76000,50.43137053,0.275,0.85,0.028,0.01,0.03,0.135,0.002,1957,X42
393,0.026785714,0.375,14,50500,79000,30.93189117,0.286,0.913,0.024,0.011,0.025,0.097,0.002,1951,X42
364,0.058823529,0.75,12.75,48800,65500,54.20618322,0.234,0.618,0.027,0.009,0.02,0.036,0.001,1954,X42
441,0.0156,0.312,20,53000,75500,36.80551166,0.165,1.06,0.009,0.015,0.013,0.019,0.001,1976,X42
443,0.023536232,0.203,8.625,53000,78500,44.00439223,0.29,0.507,0.021,0.011,0.006,0.013,0.002,1962,X42
472,0.037333333,0.322,8.625,55000,67500,54.34171596,0.25,0.724,0.024,0.01,0.039,0.141,0.002,1952,X42
289,0.024470588,0.312,12.75,43700,70400,27,0.289,0.609,0.024,0.01,0.007,0.008,0.007,1949,X42
430,0.019607843,0.25,12.75,52500,72000,31.86057485,0.231,0.84,0.022,0.009,0.024,0.101,0.001,1957,X42
363,0.028985507,0.25,8.625,48700,66000,43.6,0.209,0.809,0.024,0.008,0.011,0.071,0.001,1967,X42
408,0.015921569,0.203,12.75,51081,70091,23.9,0.266,0.781,0.018,0.007,0.018,0.047,0.001,1959,X42
391,0.047,0.188,4,50300,62200,38.8,0.202,0.557,0.013,0.003,0.041,0.118,0.001,1970,X42
329,0.022727273,0.5,22,47500,76200,38.58556196,0.252,0.825,0.026,0.01,0.009,0.009,0.001,1949,X42
483,0.043478261,0.375,8.625,55500,61500,24.21513316,0.177,0.805,0.017,0.006,0.009,0.01,0.001,1957,X42
533,0.0195,0.312,16,59900,74500,29.60551285,0.29,0.88,0.032,0.017,0.013,0.034,0,1953,X42
580,0.037735849,0.25,6.625,72000,82000,52.78945791,0.234,0.565,0.019,0.005,0.023,0.044,0.001,1981,X42
332,0.0175625,0.281,16,47682,73044,31.7,0.283,0.538,0.016,0.018,0.023,0.036,0.001,1953,X42
287,0.024470588,0.312,12.75,43500,67600,30,0.273,0.666,0.022,0.005,0.007,0.007,0.007,1949,X42
512,0.023536232,0.203,8.625,58000,74000,31.97153802,0.195,0.87,0.019,0.01,0.014,0.021,0.001,1964,X42
292,0.026785714,0.375,14,43800,78000,24.84756306,0.285,0.916,0.027,0.012,0.025,0.098,0.002,1951,X42
361,0.015921569,0.203,12.75,48633,69600,33.4,0.29,0.808,0.028,0.007,0.029,0.112,0.001,1959,X42
461,0.021797101,0.188,8.625,54000,72000,39.95681395,0.23,0.83,0.009,0.01,0.014,0.023,0.001,1963,X42
353,0.0156,0.312,20,48424,70209,30.3,0.24,1.082,0.022,0.009,0.009,0.02,0.001,1977,X42
500,0.015625,0.25,16,57000,70500,11.1465332,0.243,0.71,0.025,0.008,0.029,0.045,0.001,1959,X42
407,0.028985507,0.25,8.625,51000,66000,36.4,0.209,0.809,0.024,0.008,0.011,0.071,0.001,1967,X42
386,0.0234375,0.375,16,50000,74500,49.33545245,0.24,1.04,0.024,0.011,0.011,0.015,0.001,1951,X42
342,0.025882353,0.33,12.75,48100,74000,21.96209951,0.24,0.57,0.022,0.01,0.02,0.05,0,1939,X42
422,0.015625,0.25,16,52000,66000,59.49670235,0.213,0.67,0.032,0.011,0.051,0.08,0.001,1959,X42
459,0.025391304,0.219,8.625,54000,71500,35.01743856,0.226,0.58,0.015,0.006,0.045,0.118,0.001,1960,X42
428,0.043478261,0.375,8.625,52500,63000,31.46882925,0.177,0.805,0.017,0.006,0.009,0.01,0.001,1957,X42
416,0.023536232,0.203,8.625,51500,65000,50.12934355,0.225,0.739,0.03,0.014,0.031,0.142,0.001,1954,X42
473,0.019607843,0.25,12.75,55000,68000,25.4724063,0.215,0.604,0.016,0.011,0.019,0.042,0.001,1954,X42
290,0.0234375,0.375,16,43800,70500,26.47633282,0.338,0.74,0.035,0.009,0.015,0.017,0.001,1951,X42
462,0.021797101,0.188,8.625,54000,65000,20.30099388,0.225,0.8,0.018,0.006,0.013,0.017,0.001,1969,X42
410,0.015921569,0.203,12.75,51344,74873,43.2,0.261,0.892,0.024,0.006,0.029,0.089,0.001,1959,X42
522,0.026093007,0.225,8.623,58600,71200,26,0.09,0.741,0.014,0.007,0.008,0.02,0.018,1982,X42
536,0.019607843,0.25,12.75,60000,76000,36.41716034,0.205,0.686,0.02,0.007,0.023,0.094,0.001,1951,X42
333,0.026785714,0.375,14,47700,76500,51.62643481,0.285,0.904,0.024,0.011,0.025,0.097,0.002,1951,X42
447,0.015921569,0.203,12.75,53311,75879,32.3,0.279,0.87,0.019,0.006,0.02,0.038,0.002,1959,X42
504,0.047,0.188,4,57300,70600,33.4,0.212,0.604,0.029,0.005,0.074,0.222,0.001,1970,X42
460,0.023536232,0.203,8.625,54000,68500,32.30880774,0.233,0.769,0.024,0.008,0.011,0.026,0.001,1964,X42
516,0.024470588,0.312,12.75,58100,81500,29.24833249,0.285,0.96,0.025,0.009,0.015,0.038,0.003,1950,X42
307,0.048666667,0.219,4.5,45800,73500,37.30153507,0.249,0.855,0.011,0.005,0,0.015,0.001,1981,X42
526,0.028327338,0.189,6.672,59000,71000,40,0.167,0.668,0.026,0.01,0.079,0.385,0.001,1954,X42
478,0.028327338,0.189,6.672,55000,67500,23,0.179,0.686,0.029,0.005,0.071,0.212,0.001,1954,X42
485,0.019607843,0.25,12.75,55500,75500,17.52744315,0.249,1.05,0.026,0.009,0.025,0.106,0.002,1957,X42
426,0.042264151,0.28,6.625,52136,67127,31,0.253,0.726,0.002,0.007,0.018,0.069,0.001,1997,X42
405,0.023536232,0.203,8.625,51000,69000,31.11411291,0.246,0.728,0.029,0.008,0.04,0.137,0.001,1954,X42
346,0.015921569,0.203,12.75,48263,70828,35.1,0.26,0.773,0.027,0.006,0.029,0.096,0.001,1959,X42
409,0.047,0.188,4,51300,64700,21,0.206,0.598,0.022,0.004,0.071,0.185,0.001,1970,X42
281,0.025882353,0.33,12.75,42800,63500,28.07756487,0.24,0.57,0.022,0.01,0.02,0.05,0,1939,X42
517,0.019607843,0.25,12.75,58275,82850,23.95152263,0.218,1.01,0.006,0.008,0.01,0.013,0.001,1985,X42
479,0.02354717,0.156,6.625,55083,69225,32.6,0.237,0.784,0.025,0.008,0.023,0.059,0.001,1966,X42
337,0.011466667,0.344,30,47700,72600,32.9,0.237,0.903,0.02,0.011,0.023,0.037,0.001,1956,X42
444,0.021797101,0.188,8.625,53000,70000,48.94674298,0.233,0.858,0.023,0.01,0.012,0.012,0.001,1969,X42
387,0.0234375,0.375,16,50000,79000,20.27410114,0.251,1.04,0.024,0.01,0.011,0.015,0.001,1951,X42
317,0.019607843,0.25,12.75,46600,71500,23.52823619,0.207,0.627,0.015,0.006,0.005,0.008,0.003,1971,X42
557,0.025391304,0.219,8.625,62500,74000,43.79586639,0.228,0.72,0.026,0.014,0.047,0.029,0.001,1979,X42
340,0.011466667,0.344,30,47900,72100,30,0.237,0.903,0.02,0.011,0.023,0.037,0.001,1956,X42
477,0.017333333,0.312,18,55000,73000,25,0.254,0.63,0.022,0.009,0.067,0.154,0.001,1950,X42
493,0.037333333,0.322,8.625,56500,65500,16.58695051,0.218,0.719,0.033,0.013,0.031,0.128,0.002,1952,X42
318,0.0234375,0.375,16,46700,76500,19.64864593,0.259,1.05,0.02,0.01,0.011,0.014,0.001,1951,X42
376,0.0234375,0.375,16,49300,79000,46.88292126,0.277,1.09,0.035,0.013,0.011,0.017,0.002,1951,X42
349,0.025882353,0.33,12.75,48300,67000,34,0.137,0.69,0.019,0.01,0.01,0.023,0.001,1983,X42
368,0.021797101,0.188,8.625,48900,64300,29,0.235,0.801,0.027,0.005,0.029,0.194,0.001,1960,X42
547,0.036173913,0.312,8.625,61000,74500,33.25321957,0.204,0.792,0.024,0.008,0.008,0.006,0.001,1971,X42
382,0.018883721,0.203,10.75,49752,60437,35.6,0.15,0.66,0.016,0.007,0.038,0.108,0.001,1951,X42
508,0.02354717,0.156,6.625,57500,74500,21.81472658,0.233,0.573,0.021,0.008,0.053,0.14,0.001,1964,X42
350,0.026785714,0.375,14,48400,77000,26.2951053,0.285,0.904,0.024,0.011,0.025,0.097,0.002,1951,X42
306,0.0307,0.307,10,45800,70500,36.18017488,0.24,0.73,0.026,0.013,0.023,0.12,0,1953,X42
399,0.028985507,0.25,8.625,50837,81469,31.6,0.3,0.954,0.022,0.009,0.011,0.01,0.001,1957,X42
507,0.028377358,0.188,6.625,57500,70000,23.90472366,0.198,0.418,0.028,0.006,0.098,0.259,0.002,1988,X42
365,0.0234375,0.375,16,48800,78000,7.84120062,0.259,1.05,0.02,0.01,0.011,0.014,0.001,1951,X42
419,0.028985507,0.25,8.625,51500,64500,34.7,0.209,0.809,0.024,0.008,0.011,0.071,0.001,1967,X42
320,0.0234375,0.375,16,46800,78500,34.35692249,0.285,0.82,0.02,0.009,0.016,0.019,0.001,1951,X42
372,0.026785714,0.375,14,49000,80000,15.62328058,0.284,0.904,0.022,0.011,0.024,0.097,0.003,1951,X42
348,0.0234375,0.375,16,48300,78500,39.76948834,0.267,0.82,0.018,0.008,0.015,0.018,0.001,1951,X42
560,0.021449275,0.185,8.625,62500,77500,34.41012878,0.269,0.649,0.016,0.005,0.011,0.071,0.001,1965,X42
357,0.028377358,0.188,6.625,48566,60233,22.91696401,0.24,1.31,0.019,0.01,0.044,0.04,0.001,1965,X42
480,0.011466667,0.344,30,55100,79000,36,0.248,0.972,0.021,0.01,0.015,0.02,0.001,1956,X42
324,0.0156,0.312,20,46800,77000,37.02791573,0.317,0.659,0.03,0.008,0.021,0.022,0.002,1953,X42
438,0.037735849,0.25,6.625,52700,67700,32.9,0.216,0.548,0.018,0.004,0.068,0.171,0.001,1954,X42
335,0.028985507,0.25,8.625,47700,67500,42.18660958,0.164,0.79,0.007,0.016,0.02,0.007,0.001,1980,X42
379,0.034666667,0.156,4.5,49500,69000,36.25,0.288,0.63,0.015,0.005,0.01,0.006,0.002,1964,X42
535,0.042264151,0.28,6.625,60000,67000,41.69965776,0.066,0.622,0.006,0.02,0.012,0.015,0.013,1993,X42
465,0.037735849,0.25,6.625,54200,65200,43.5,0.203,0.523,0.024,0.008,0.076,0.202,0.001,1954,X42
352,0.028985507,0.25,8.625,48400,64500,53.5371884,0.24,0.54,0.033,0.009,0.065,0.076,0,1956,X42
463,0.021449275,0.185,8.625,54000,70000,27.35046438,0.276,0.645,0.018,0.003,0.019,0.081,0.001,1965,X42
366,0.025882353,0.33,12.75,48900,73500,25.75828681,0.24,0.57,0.022,0.01,0.02,0.05,0,1939,X42
284,0.037735849,0.25,6.625,43300,70500,44.23225212,0.221,0.805,0.019,0.007,0.006,0.01,0.001,1948,X42
576,0.0234375,0.375,16,68000,72000,45.96547195,0.06,0.969,0.007,0.005,0.004,0.005,0.02,1999,X42
345,0.026785714,0.375,14,48200,77500,26.97711658,0.284,0.916,0.025,0.011,0.025,0.099,0.002,1951,X42
495,0.02855814,0.307,10.75,56500,71500,44.45521582,0.244,0.844,0.03,0.011,0.046,0.148,0.001,1951,X42
538,0.033056604,0.219,6.625,60000,76764,12.51399369,0.076,0.945,0.006,0.014,0.327,0.433,0.002,1993,X42
556,0.037333333,0.322,8.625,62500,69500,42.09220383,0.047,0.983,0.005,0.013,0.039,0.076,0.013,2002,X42
432,0.0136875,0.219,16,52500,71500,57.37474062,0.209,0.816,0.015,0.008,0.008,0.008,0.001,1971,X42
456,0.052666667,0.237,4.5,54000,63500,33.7581035,0.221,0.634,0.032,0.007,0.013,0.009,0.001,1968,X42
321,0.0234375,0.375,16,46800,71500,33.04510553,0.279,0.74,0.025,0.009,0.015,0.017,0.001,1951,X42
397,0.015921569,0.203,12.75,50573,73656,41.7,0.278,0.867,0.017,0.009,0.018,0.036,0.002,1959,X42
523,0.057971014,0.5,8.625,59000,75500,32.20622316,0.185,1.07,0.007,0.005,0.013,0.024,0.001,2005,X42
492,0.05925,0.237,4,56200,85100,43,0.254,0.952,0.009,0.008,0.007,0.012,0.001,1983,X42
475,0.021797101,0.188,8.625,55000,65500,26.8997344,0.225,0.8,0.02,0.006,0.013,0.018,0.001,1969,X42
354,0.0234375,0.375,16,48500,79000,20.64563137,0.277,1.09,0.035,0.013,0.011,0.017,0.002,1951,X42
418,0.028985507,0.25,8.625,51500,67000,45.8,0.209,0.809,0.024,0.008,0.011,0.071,0.001,1967,X42
396,0.023536232,0.203,8.625,50500,73000,21.6637232,0.151,0.748,0.017,0.012,0.043,0.068,0.001,1970,X42
548,0.028985507,0.25,8.625,61000,77000,21.02849201,0.239,0.879,0.018,0.009,0.009,0.017,0.003,1962,X42
449,0.037735849,0.25,6.625,53500,81000,43.48788093,0.233,0.721,0.024,0.007,0.06,0.072,0.003,1977,X42
377,0.019607843,0.25,12.75,49300,75500,33.56169864,0.237,0.785,0.024,0.01,0.011,0.017,0.001,1954,X42
571,0.029156699,0.195,6.688,65500,81500,31,0.188,0.655,0.026,0.022,0.086,0.321,0.001,1954,X42
398,0.037735849,0.25,6.625,50700,65300,30,0.183,0.485,0.036,0.004,0.072,0.244,0.001,1954,X42
511,0.037333333,0.322,8.625,58000,67500,36.39518057,0.227,0.696,0.033,0.009,0.033,0.185,0.002,1952,X42
552,0.033056604,0.219,6.625,61500,73000,20.36372719,0.21,0.48,0.018,0.014,0.019,0.058,0.001,1960,X42
440,0.0234375,0.375,16,53000,75500,33.21266685,0.24,1.04,0.024,0.011,0.011,0.015,0.001,1951,X42
568,0.02354717,0.156,6.625,64440,77767,37.1,0.257,0.879,0.018,0.009,0.008,0.006,0.001,1966,X42
291,0.026785714,0.375,14,43800,74000,27.26657628,0.285,0.916,0.027,0.012,0.025,0.098,0.002,1951,X42
519,0.023536232,0.203,8.625,58500,75500,34.69287357,0.202,0.952,0.02,0.011,0.014,0.018,0.001,1964,X42
378,0.028985507,0.25,8.625,49364,77701,44.4,0.274,0.989,0.023,0.012,0.013,0.016,0.001,1957,X42
577,0.019607843,0.25,12.75,68500,75000,44.85127874,0.216,0.432,0.027,0.007,0.027,0.073,0.001,1954,X42
394,0.019607843,0.25,12.75,50500,66000,28.78483666,0.27,0.78,0.03,0.012,0.036,0.13,0.002,1950,X42
288,0.026785714,0.375,14,43700,73500,43.16455903,0.284,0.916,0.025,0.011,0.025,0.099,0.002,1951,X42
358,0.0175625,0.281,16,48574,80225,41.2,0.267,0.654,0.032,0.011,0.009,0.011,0.001,1953,X42
279,0.0234375,0.375,16,42500,68000,53.67239614,0.239,0.7,0.024,0.008,0.014,0.016,0.001,1951,X42
554,0.052666667,0.237,4.5,61700,73800,29,0.196,0.68,0.009,0.019,0.024,0.023,0.001,1990,X42
442,0.020071429,0.281,14,53000,69500,44.55561621,0.219,0.866,0.022,0.007,0.011,0.014,0.002,1964,X42
415,0.025391304,0.219,8.625,51500,67000,25.64114637,0.211,0.679,0.008,0.016,0.016,0.014,0.002,1989,X42
305,0.042415094,0.281,6.625,45600,68000,34.51107721,0.133,1.04,0.005,0.007,0.007,0.013,0.001,2001,X42
336,0.023536232,0.203,8.625,47700,70000,27.98042219,0.148,0.605,0.017,0.017,0.041,0.121,0.001,1969,X42
490,0.023536232,0.203,8.625,56000,71500,44.06521561,0.206,0.903,0.02,0.009,0.018,0.025,0.001,1963,X42
359,0.0234375,0.375,16,48600,68000,26.81852014,0.163,1.02,0.007,0.007,0.012,0.033,0.001,2008,X42
543,0.028377358,0.188,6.625,60500,73500,30.20822366,0.198,0.418,0.028,0.006,0.098,0.259,0.002,1988,X42
481,0.026139535,0.281,10.75,55400,75600,28.97361315,0.25,0.84,0.03,0.012,0.068,0.26,0.002,1956,X42
433,0.020372093,0.219,10.75,52500,61500,22.12241313,0.168,0.671,0.2,0.006,0.028,0.042,0.001,1958,X42
531,0.020372093,0.219,10.75,59500,78000,49.18771137,0.22,0.88,0.023,0.009,0.025,0.082,0.001,1958,X42
296,0.0156,0.312,20,44400,68900,34.5,0.24,0.57,0.027,0.007,0.007,0.01,0.001,1958,X42
498,0.024470588,0.312,12.75,57000,87000,30.35943983,0.28,1.08,0.019,0.014,0.01,0.014,0.001,1960,X42
551,0.028985507,0.25,8.625,61500,74000,36.44460084,0.244,0.754,0.018,0.008,0.011,0.012,0.003,1968,X42
338,0.026785714,0.375,14,47900,77500,26.56055901,0.284,0.904,0.022,0.011,0.024,0.097,0.003,1951,X42
546,0.026,0.156,6,60500,72500,1.332473101,0.216,0.811,0.02,0.007,0.009,0.011,0.001,1966,X42
528,0.028377358,0.188,6.625,59000,71800,30.1,0.201,1.011,0.02,0.005,0.022,0.027,0.001,1965,X42
521,0.027428058,0.183,6.672,58500,72500,28,0.164,0.661,0.023,0.009,0.077,0.375,0.001,1954,X42
278,0.019607843,0.25,12.75,42400,66500,32.96250939,0.222,0.766,0.027,0.007,0.029,0.112,0.001,1957,X42
559,0.028377358,0.188,6.625,62500,76500,27.94866971,0.247,1.02,0.022,0.007,0.018,0.026,0.001,1965,X42
331,0.023536232,0.203,8.625,47600,68500,35.05273413,0.136,0.766,0.018,0.027,0.03,0.017,0.001,1970,X42
383,0.0234375,0.375,16,49800,68500,34.55652843,0.151,1.03,0.006,0.006,0.011,0.027,0.001,2008,X42
497,0.027428058,0.183,6.672,56500,70000,36,0.209,0.495,0.025,0.004,0.089,0.249,0.001,1954,X42
304,0.022039216,0.281,12.75,45200,66000,30,0.247,0.5,0.018,0.008,0.005,0.008,0.001,1983,X42
513,0.023536232,0.203,8.625,58000,74000,38.00757523,0.217,0.924,0.017,0.009,0.012,0.016,0.001,1963,X42
385,0.012772727,0.281,22,49884,71933,42,0.227,0.708,0.025,0.033,0.03,0.045,0.001,1949,X42
367,0.037333333,0.322,8.625,48900,72000,33.33575199,0.186,0.562,0.008,0.006,0.032,0.126,0.001,2002,X42
541,0.0195,0.312,16,60500,69500,29.23751597,0.24,0.72,0.04,0.01,0.047,0.087,0,1959,X42
609,0.019607843,0.25,12.75,49900,68000,33.6,0.219,0.678,0.015,0.005,0.013,0.202,0.001,1958,X46
699,0.019607843,0.25,12.75,60000,74500,38.70504195,0.219,0.677,0.021,0.005,0.009,0.231,0.001,1958,X46
650,0.018086957,0.156,8.625,53500,80000,30.13392886,0.24,1.14,0.019,0.015,0.063,0.13,0.003,1968,X46
710,0.02354717,0.156,6.625,62000,79000,25.39180747,0.221,0.744,0.021,0.021,0.056,0.117,0.003,1968,X46
668,0.015636364,0.344,22,55000,80500,39.5,0.268,0.816,0.031,0.051,0.033,0.031,0.002,1949,X46
693,0.015625,0.25,16,59337,77256,24.78336836,0.254,0.54,0.026,0.03,0.048,0.393,0.001,1948,X46
603,0.02354717,0.156,6.625,49200,67500,34.90409762,0.183,0.953,0.016,0.008,0.02,0.052,0.001,1961,X46
598,0.0156,0.312,20,49000,68500,39.2,0.248,0.928,0.025,0.013,0.034,0.034,0.001,1950,X46
635,0.015636364,0.344,22,52500,76500,33.4,0.234,0.699,0.029,0.053,0.056,0.097,0.002,1949,X46
687,0.015921569,0.203,12.75,57942,78281,40.11495745,0.267,0.819,0.028,0.033,0.071,0.157,0.001,1960,X46
702,0.025391304,0.219,8.625,60500,75500,36.55720949,0.24,0.89,0.019,0.006,0.03,0.041,0,1963,X46
599,0.023255814,0.25,10.75,49000,77000,35.84086122,0.24,0.6,0.018,0.008,0.032,0.04,0.002,1952,X46
585,0.015636364,0.344,22,44585,75184,35.44597584,0.243,0.87,0.023,0.012,0.046,0.033,0.001,1960,X46
696,0.014181818,0.312,22,59876,85478,25.5046532,0.274,1.07,0.026,0.059,0.06,0.064,0.001,1949,X46
614,0.015594785,0.25,16.031,50000,65500,33.00114081,0.214,0.708,0.027,0.018,0.044,0.132,0.001,1957,X46
684,0.023255814,0.25,10.75,57000,74000,37.77589045,0.212,0.839,0.024,0.014,0.032,0.123,0.001,1955,X46
673,0.019607843,0.25,12.75,55500,71000,37.8,0.173,0.652,0.019,0.004,0.009,0.195,0.001,1958,X46
647,0.019607843,0.25,12.75,53500,73000,35.2,0.32,0.78,0.016,0.005,0.01,0.279,0.002,1958,X46
586,0.019607843,0.25,12.75,46100,62500,38,0.16,0.66,0.018,0.005,0.008,0.24,0.002,1958,X46
707,0.018086957,0.156,8.625,61500,82000,33.64908205,0.252,0.943,0.013,0.011,0.054,0.113,0.002,1968,X46
617,0.015625,0.25,16,50950,69436,33.22447011,0.217,1.26,0.01,0.009,0.014,0.049,0.001,1974,X46
597,0.0156,0.312,20,48900,70500,36.5,0.259,0.841,0.028,0.015,0.047,0.049,0.003,1950,X46
608,0.019607843,0.25,12.75,49900,65000,35.7,0.165,0.689,0.015,0.004,0.023,0.192,0.003,1958,X46
690,0.019462292,0.312,16.031,58500,76000,32.84392111,0.279,0.774,0.037,0.036,0.036,0.103,0.001,1957,X46
660,0.019607843,0.25,12.75,54187,68674,36.31938031,0.293,0.733,0.014,0.005,0.017,0.268,0.001,1958,X46
665,0.019607843,0.25,12.75,54500,68500,32.2,0.241,0.736,0.014,0.005,0.011,0.268,0.001,1958,X46
616,0.021797101,0.188,8.625,50700,69700,36.21670691,0.239,0.617,0.019,0.009,0.039,0.102,0.001,1968,X46
664,0.019607843,0.25,12.75,54500,69500,36.7,0.249,0.71,0.01,0.004,0.017,0.257,0.002,1958,X46
602,0.020372093,0.219,10.75,49200,60000,31.07837771,0.143,0.592,0.029,0.009,0.046,0.174,0.003,1957,X46
709,0.020372093,0.219,10.75,62000,73500,32.34904795,0.284,0.823,0.029,0.007,0.024,0.108,0.002,1957,X46
715,0.018883721,0.203,10.75,63500,79500,31.71813449,0.278,0.873,0.017,0.005,0.018,0.026,0.001,1965,X46
613,0.019607843,0.25,12.75,50000,65700,37.76491832,0.239,0.768,0.019,0.007,0.031,0.034,0.001,1954,X46
711,0.015921569,0.203,12.75,62120,82654,28.38234043,0.279,0.782,0.028,0.036,0.075,0.177,0.001,1960,X46
626,0.015921569,0.203,12.75,51500,70000,35.8678225,0.19,0.601,0.032,0.017,0.053,0.101,0.003,1965,X46
605,0.017045455,0.375,22,49600,82500,29.1,0.267,0.78,0.023,0.012,0.005,0.01,0.002,1952,X46
589,0.015636364,0.344,22,47724,71422,41.09765695,0.256,0.844,0.024,0.006,0.008,0.009,0.001,1960,X46
663,0.019607843,0.25,12.75,54500,70000,32.1,0.25,0.57,0.015,0.005,0.009,0.201,0.002,1958,X46
631,0.018883721,0.203,10.75,52000,72000,26.93789308,0.267,1.13,0.02,0.008,0.013,0.019,0.002,1968,X46
675,0.020372093,0.219,10.75,55500,72400,32.2566951,0.248,0.777,0.025,0.014,0.015,0.027,0.001,1954,X46
679,0.019607843,0.25,12.75,56000,76500,35.3,0.268,0.773,0.017,0.007,0.01,0.271,0.001,1958,X46
695,0.015625,0.25,16,59871,79909,45.59249844,0.286,0.67,0.026,0.01,0.061,0.245,0.001,1948,X46
595,0.015636364,0.344,22,48515,77801,45.06654001,0.23,0.863,0.023,0.013,0.048,0.04,0.001,1960,X46
606,0.015625,0.25,16,49600,69500,26.8,0.191,1.29,0.03,0.009,0.075,0.22,0.003,1964,X46
630,0.019607843,0.25,12.75,52000,67500,37.3,0.241,0.659,0.016,0.005,0.008,0.257,0.001,1958,X46
632,0.018086957,0.156,8.625,52000,71000,38.21759711,0.22,1.02,0.013,0.007,0.063,0.14,0,1968,X46
615,0.019607843,0.25,12.75,50500,64500,43.5,0.178,0.68,0.015,0.006,0.022,0.216,0.001,1958,X46
584,0.025953488,0.279,10.75,43500,79500,10.8,0.29,0.85,0.018,0.013,0.024,0.038,0.002,1953,X46
688,0.015625,0.25,16,58500,78500,25.6,0.249,0.785,0.018,0.028,0.054,0.127,0.001,1963,X46
661,0.021797101,0.188,8.625,54300,72900,32.53326279,0.283,0.63,0.019,0.008,0.048,0.087,0.001,1968,X46
642,0.019607843,0.25,12.75,53000,71000,39.7,0.26,0.709,0.014,0.005,0.011,0.266,0.001,1958,X46
618,0.0156,0.312,20,51000,73500,30.8,0.246,0.86,0.029,0.015,0.023,0.059,0.003,1950,X46
644,0.019607843,0.25,12.75,53232,69271,33.40870495,0.293,0.733,0.014,0.005,0.017,0.268,0.001,1958,X46
689,0.0195,0.156,8,58500,76000,36.35303067,0.224,0.819,0.012,0.006,0.055,0.138,0.001,1973,X46
682,0.019607843,0.25,12.75,57000,72500,34.8,0.253,0.784,0.015,0.008,0.017,0.282,0.003,1958,X46
680,0.019607843,0.25,12.75,56500,74500,31.2,0.216,0.559,0.016,0.004,0.024,0.214,0.004,1958,X46
703,0.025391304,0.219,8.625,61000,75000,36.65328377,0.248,0.732,0.027,0.011,0.035,0.094,0.001,1953,X46
604,0.019607843,0.25,12.75,49400,69000,25,0.23,0.68,0.012,0.005,0.008,0.234,0.002,1958,X46
624,0.019607843,0.25,12.75,51500,71500,32.4,0.22,0.71,0.015,0.005,0.011,0.27,0.002,1958,X46
712,0.02354717,0.156,6.625,62500,79000,30.96168354,0.248,0.662,0.015,0.006,0.046,0.087,0.001,1968,X46
670,0.019607843,0.25,12.75,55433,72393,40.3745483,0.244,0.749,0.025,0.009,0.023,0.051,0.001,1954,X46
646,0.0175625,0.281,16,53325,68877,32.81502698,0.229,0.752,0.023,0.037,0.027,0.038,0.001,1948,X46
718,0.015625,0.25,16,63692,79102,22.88472502,0.238,0.616,0.031,0.038,0.054,0.411,0.001,1948,X46
593,0.028985507,0.25,8.625,48400,60000,39.70945543,0.198,0.797,0.022,0.008,0.008,0.01,0.001,1958,X46
681,0.018883721,0.203,10.75,56500,74200,37.64819911,0.253,0.808,0.02,0.015,0.01,0.016,0.001,1954,X46
651,0.025953488,0.279,10.75,54000,75500,31.6,0.26,0.88,0.023,0.007,0.018,0.035,0.002,1958,X46
662,0.02855814,0.307,10.75,54500,79500,30.9,0.15,0.68,0.016,0.016,0.017,0.021,0.001,1953,X46
683,0.019607843,0.25,12.75,57000,76500,28.9,0.293,0.905,0.028,0.008,0.014,0.317,0.001,1958,X46
634,0.028985507,0.25,8.625,52100,69100,35.77204578,0.223,0.571,0.015,0.005,0.074,0.107,0.001,1968,X46
697,0.0175625,0.281,16,59889,81372,28.45012523,0.27,0.916,0.022,0.046,0.049,0.064,0.001,1948,X46
698,0.019607843,0.25,12.75,60000,79000,20.2173668,0.29,0.81,0.015,0.005,0.032,0.359,0.002,1958,X46
656,0.019607843,0.25,12.75,54000,71000,33.2,0.197,0.712,0.009,0.005,0.009,0.284,0.001,1958,X46
643,0.028377358,0.188,6.625,53000,71000,34.46592106,0.248,0.804,0.025,0.008,0.01,0.021,0.001,1982,X46
638,0.015636364,0.344,22,52608,78949,32.85050513,0.256,0.82,0.023,0.056,0.024,0.028,0,1948,X46
717,0.0195,0.312,16,63661,85490,42.10194175,0.274,0.94,0.02,0.032,0.069,0.211,0.001,1957,X46
719,0.0195,0.312,16,63894,77502,26.02300747,0.282,0.69,0.019,0.007,0.038,0.196,0.001,1957,X46
676,0.015625,0.25,16,55558,73242,28.65265009,0.254,0.712,0.036,0.015,0.078,0.237,0.001,1948,X46
607,0.019607843,0.25,12.75,49800,70500,25.2,0.26,0.69,0.013,0.005,0.008,0.25,0.001,1958,X46
627,0.018883721,0.203,10.75,51500,71000,46.32848751,0.224,0.681,0.016,0.011,0.012,0.033,0.001,1955,X46
671,0.014181818,0.312,22,55500,80000,24.8,0.262,0.857,0.032,0.052,0.027,0.051,0.003,1949,X46
713,0.019607843,0.25,12.75,63000,73500,29.31736685,0.241,0.736,0.014,0.005,0.011,0.268,0.001,1958,X46
645,0.015625,0.25,16,53300,66000,30.50434191,0.228,0.696,0.023,0.012,0.042,0.113,0.001,1957,X46
674,0.023255814,0.25,10.75,55500,77500,31.29519991,0.216,0.933,0.016,0.014,0.006,0.013,0.002,1954,X46
667,0.022028986,0.19,8.625,54800,73900,31.52980227,0.286,0.642,0.024,0.008,0.049,0.089,0.001,1968,X46
701,0.015921569,0.203,12.75,60128,78903,34.41339189,0.24,0.746,0.036,0.031,0.078,0.185,0.001,1960,X46
677,0.0195,0.312,16,56000,76000,34,0.237,0.802,0.022,0.028,0.052,0.171,0.001,1965,X46
637,0.020372093,0.219,10.75,52500,65500,34.26329599,0.165,0.799,0.028,0.01,0.042,0.148,0.003,1957,X46
652,0.019607843,0.25,12.75,54000,74500,32.2,0.19,0.75,0.011,0.008,0.008,0.27,0.002,1959,X46
639,0.019607843,0.25,12.75,52788,68279,35.20655785,0.293,0.733,0.014,0.005,0.017,0.268,0.001,1958,X46
655,0.019607843,0.25,12.75,54000,69500,31.3,0.238,0.748,0.021,0.005,0.012,0.22,0.001,1958,X46
594,0.015594785,0.25,16.031,48500,65000,35.90702936,0.198,0.714,0.019,0.016,0.039,0.103,0.001,1957,X46
686,0.041777778,0.188,4.5,57500,74000,45.1946744,0.218,0.609,0.02,0.008,0.044,0.108,0.001,1965,X46
678,0.019607843,0.25,12.75,56000,73500,33.4,0.26,0.76,0.018,0.005,0.015,0.3,0.002,1958,X46
611,0.015921569,0.203,12.75,50000,68000,30.20837308,0.194,0.699,0.027,0.023,0.036,0.089,0.002,1966,X46
700,0.028377358,0.188,6.625,60000,73000,31.72207712,0.177,0.599,0.017,0.01,0.029,0.013,0.001,1966,X46
716,0.0195,0.156,8,63500,78500,38.76868063,0.224,0.819,0.012,0.006,0.055,0.138,0.001,1973,X46
1047,0.0200625,0.321,16,64500,82000,39.09930792,0.136,0.632,0.004,0.016,0.012,0.008,0.028,2009,X52
730,0.017176471,0.219,12.75,49100,78000,27,0.286,0.89,0.024,0.007,0.032,0.041,0.001,1962,X52
826,0.017176471,0.219,12.75,56500,75500,31.4,0.222,1.03,0.03,0.023,0.031,0.069,0.001,1961,X52
1024,0.02354717,0.156,6.625,63136,79222,23.4,0.232,1.188,0.023,0.022,0.058,0.064,0.001,1963,X52
1036,0.0115,0.23,20,63500,83500,45.63575906,0.268,1.12,0.017,0.014,0.033,0.028,0.001,1968,X52
1129,0.019320755,0.128,6.625,70400,89900,34.7,0.26,0.7,0.018,0.009,0.008,0.009,0.003,1980,X52
748,0.010807692,0.281,26,52622,82360,28.9,0.279,1.082,0.021,0.013,0.025,0.048,0.002,1954,X52
777,0.017488372,0.188,10.75,54500,69500,31,0.192,0.76,0.02,0.005,0.038,0.063,0.025,1970,X52
878,0.0125,0.25,20,58100,82700,39.09832657,0.242,1.16,0.018,0.017,0.016,0.036,0.001,1967,X52
1012,0.015625,0.375,24,63000,85000,32.9812591,0.23,1.16,0.02,0.009,0.007,0.01,0.002,1959,X52
980,0.017176471,0.219,12.75,61500,73000,28.99190185,0.243,0.968,0.026,0.01,0.013,0.023,0.001,1962,X52
820,0.011708333,0.281,24,56500,79000,41.61091513,0.261,0.948,0.027,0.017,0.072,0.149,0.003,1952,X52
1006,0.010416667,0.25,24,62500,82500,32.27828805,0.24,0.8,0.024,0.019,0.43,0.29,0.002,1952,X52
729,0.019607843,0.25,12.75,48700,80000,38.471208,0.306,1.3,0.019,0.011,0.034,0.038,0.001,1963,X52
1100,0.0115,0.23,20,67500,88000,35.32479554,0.248,1.16,0.017,0.011,0.028,0.022,0.001,1968,X52
1113,0.018883721,0.203,10.75,68700,82300,35.5,0.16,0.88,0.021,0.01,0.009,0.009,0.024,1967,X52
940,0.009366667,0.281,30,60500,77500,34.06658316,0.222,1.03,0.01,0.008,0.009,0.052,0.003,1976,X52
750,0.010807692,0.281,26,52702,78723,32.7,0.239,0.996,0.023,0.012,0.025,0.045,0.001,1954,X52
1108,0.01095,0.219,20,68000,91500,33.81678823,0.235,1.08,0.022,0.012,0.037,0.031,0.001,1968,X52
766,0.007805556,0.281,36,54000,78500,34.84073873,0.22,0.7,0.023,0.008,0.07,0.2,0.008,1952,X52
832,0.0179,0.358,20,57000,87500,35.87139128,0.26,1.2,0.017,0.018,0.011,0.012,0.002,1949,X52
960,0.011363636,0.25,22,61000,89000,40.07279895,0.27,1.06,0.023,0.03,0.069,0.26,0.004,1949,X52
1052,0.019607843,0.25,12.75,64500,84500,29.7737926,0.282,1.15,0.021,0.029,0.05,0.414,0.001,1961,X52
1095,0.01095,0.219,20,67000,91500,34.64217217,0.258,1.06,0.016,0.012,0.039,0.017,0.019,1968,X52
1111,0.021283019,0.141,6.625,68500,79000,39.8,0.209,0.964,0.017,0.008,0.019,0.072,0.019,1968,X52
939,0.015625,0.375,24,60500,80500,32.48944609,0.29,1.15,0.023,0.011,0.005,0.009,0.003,1959,X52
985,0.017488372,0.188,10.75,61500,81500,33,0.253,1.33,0.024,0.006,0.056,0.112,0.001,1973,X52
1136,0.021797101,0.188,8.625,71500,95500,36.4,0.275,1.09,0.014,0.01,0.009,0.008,0.001,1962,X52
871,0.014745098,0.188,12.75,58000,74000,22.4,0.261,0.936,0.025,0.008,0.019,0.026,0.002,1963,X52
1065,0.015921569,0.203,12.75,65000,82500,38,0.268,1.12,0.016,0.012,0.025,0.013,0.016,1969,X52
1029,0.0125,0.25,20,63500,87000,37.74537784,0.245,1.24,0.02,0.011,0.043,0.034,0.019,1973,X52
731,0.01875,0.375,20,49457,74336,32.9,0.199,1.12,0.012,0.009,0.015,0.006,0.001,1970,X52
995,0.020372093,0.219,10.75,62000,87000,29.8867645,0.285,1.18,0.014,0.007,0.008,0.011,0.001,1961,X52
1086,0.053111111,0.239,4.5,66500,92000,27.86957746,0.212,1.13,0.012,0.011,0.009,0.011,0.001,2015,X52
925,0.010416667,0.25,24,60000,79500,50.24944938,0.25,0.77,0.019,0.021,0.032,0.22,0.002,1953,X52
868,0.015625,0.25,16,58000,72500,37.74070277,0.225,0.85,0.018,0.013,0.01,0.017,0.001,1954,X52
840,0.017176471,0.219,12.75,57000,72500,37.91756417,0.243,0.968,0.026,0.01,0.013,0.023,0.001,1962,X52
1150,0.015625,0.375,24,81000,84700,46.45091916,0.264,1.01,0.018,0.013,0.079,0.186,0.001,1952,X52
920,0.020372093,0.219,10.75,59600,91500,27.99029071,0.272,1.07,0.017,0.007,0.01,0.024,0.002,1961,X52
1071,0.015921569,0.203,12.75,65500,81000,35,0.269,1.2,0.023,0.011,0.011,0.006,0.01,1969,X52
819,0.008264706,0.281,34,56500,80000,35.69978966,0.25,1.31,0.012,0.005,0.018,0.021,0,1967,X52
1044,0.019607843,0.25,12.75,64000,90500,31.28589277,0.286,1.25,0.025,0.034,0.082,0.412,0.001,1961,X52
983,0.017488372,0.188,10.75,61500,79500,35,0.18,0.931,0.016,0.006,0.029,0.045,0.038,1970,X52
1072,0.020372093,0.219,10.75,65900,99400,35.09984214,0.299,1.16,0.016,0.008,0.008,0.014,0.002,1961,X52
937,0.010807692,0.281,26,60398,83233,29.4,0.279,1.082,0.021,0.013,0.025,0.048,0.002,1954,X52
1058,0.010416667,0.25,24,65000,85000,35.13108245,0.27,0.82,0.017,0.049,0.098,0.17,0,1948,X52
744,0.0125,0.375,30,52000,80000,29.06024157,0.243,1.06,0.015,0.012,0.079,0.162,0.003,1957,X52
1010,0.017488372,0.188,10.75,62800,78300,30.4,0.192,0.927,0.02,0.03,0.04,0.037,0.033,1970,X52
1028,0.0175625,0.281,16,63500,82500,28.98943547,0.234,0.816,0.029,0.016,0.019,0.037,0.002,1955,X52
1080,0.037333333,0.322,8.625,66000,72000,30.3,0.039,1.19,0.003,0.013,0.041,0.081,0.033,1990,X52
999,0.021797101,0.188,8.625,62000,74500,33,0.221,0.79,0.022,0.014,0.024,0.054,0.001,1968,X52
949,0.018086957,0.156,8.625,60500,93000,34.9,0.291,1.25,0.019,0.009,0.081,0.076,0.001,1965,X52
906,0.017488372,0.188,10.75,59000,74500,37,0.185,0.94,0.022,0.012,0.034,0.043,0.025,1970,X52
928,0.037735849,0.25,6.625,60000,74000,30.77640407,0.14,0.71,0.01,0.007,0.012,0.01,0.001,1973,X52
1087,0.0115,0.23,20,66500,91000,42.83690558,0.236,1.22,0.021,0.019,0.041,0.03,0.029,1968,X52
1127,0.017488372,0.188,10.75,69500,79000,43.2,0.18,0.931,0.016,0.006,0.029,0.045,0.038,1970,X52
858,0.021797101,0.188,8.625,57500,76700,40.5,0.274,0.99,0.012,0.007,0.012,0.091,0.001,1962,X52
984,0.017488372,0.188,10.75,61500,80000,27,0.168,1.03,0.024,0.013,0.03,0.046,0.028,1970,X52
836,0.0175625,0.281,16,57000,69000,33.2462271,0.223,0.835,0.021,0.01,0.018,0.033,0.002,1955,X52
1132,0.02354717,0.156,6.625,70500,81000,37.1,0.226,0.976,0.015,0.017,0.052,0.1,0.001,1972,X52
919,0.020372093,0.219,10.75,59600,85600,33.1139631,0.246,1.03,0.027,0.007,0.008,0.013,0.002,1961,X52
975,0.015625,0.25,16,61500,88500,37.01395814,0.266,1.17,0.02,0.029,0.097,0.418,0.004,1961,X52
734,0.043417853,0.375,8.637,50100,61700,35.9,0.065,0.882,0.013,0.012,0.009,0.015,0.032,1982,X52
888,0.017488372,0.188,10.75,58500,73500,35,0.167,0.82,0.022,0.01,0.026,0.039,0.03,1970,X52
1075,0.014333333,0.344,24,65947,77332,26,0.105,1.3,0.01,0.017,0.021,0.011,0.001,1972,X52
901,0.019607843,0.25,12.75,59000,77000,37.21829125,0.267,0.86,0.018,0.012,0.026,0.042,0.001,1954,X52
909,0.019607843,0.25,12.75,59000,70000,32.4,0.249,0.468,0.038,0.009,0.061,0.228,0.001,1954,X52
778,0.017488372,0.188,10.75,54500,71000,26,0.191,0.85,0.019,0.008,0.016,0.033,0.028,1970,X52
799,0.018883721,0.203,10.75,55500,77000,35,0.19,1.03,0.018,0.012,0.008,0.01,0.002,1967,X52
732,0.010807692,0.281,26,49770,75049,28.2,0.249,0.961,0.018,0.014,0.013,0.032,0.001,1954,X52
1147,0.025375,0.203,8,76500,98000,27,0.248,1.11,0.02,0.01,0.009,0.009,0.001,1962,X52
866,0.010416667,0.25,24,58000,79000,32.5215068,0.27,0.73,0.017,0.023,0.075,0.18,0,1948,X52
929,0.012166667,0.219,18,60000,82000,31.98019371,0.262,1.16,0.027,0.018,0.02,0.03,0.001,1962,X52
809,0.017488372,0.188,10.75,56000,73000,26,0.192,0.86,0.015,0.007,0.016,0.033,0.03,1970,X52
1018,0.019607843,0.25,12.75,63000,85000,30.74759269,0.271,1.14,0.016,0.025,0.05,0.37,0.002,1961,X52
915,0.017488372,0.188,10.75,59500,70500,20,0.182,0.81,0.021,0.011,0.026,0.04,0.03,1970,X52
1098,0.018086957,0.156,8.625,67000,86000,34,0.206,1.11,0.017,0.01,0.073,0.043,0.001,1962,X52
1143,0.018086957,0.156,8.625,73000,87000,37.6,0.227,1.1,0.02,0.013,0.028,0.055,0.001,1962,X52
854,0.017176471,0.219,12.75,57500,72500,33.5318851,0.251,0.967,0.014,0.01,0.014,0.024,0.001,1962,X52
867,0.015625,0.25,16,58000,72500,28.18880738,0.186,1.1,0.021,0.006,0.01,0.01,0.025,1973,X52
795,0.010416667,0.25,24,55500,83500,37.307917,0.307,1.2,0.016,0.008,0.012,0.025,0.004,1967,X52
1051,0.019607843,0.25,12.75,64500,89000,26.50068706,0.27,1.13,0.027,0.031,0.078,0.432,0.002,1961,X52
839,0.017176471,0.219,12.75,57000,72500,39.62015079,0.251,0.967,0.014,0.01,0.014,0.024,0.001,1962,X52
934,0.010807692,0.281,26,60063,80154,34.6,0.268,1.155,0.027,0.012,0.043,0.018,0.001,1954,X52
1112,0.037333333,0.322,8.625,68500,76000,26.6,0.033,1.15,0.002,0.013,0.046,0.13,0.034,1990,X52
851,0.015625,0.25,16,57500,78000,47.6852814,0.232,1.15,0.012,0.007,0.019,0.018,0.016,1972,X52
849,0.010416667,0.25,24,57500,78500,30.83108721,0.23,0.79,0.025,0.04,0.04,0.19,0,1953,X52
786,0.020071429,0.281,14,55000,79000,45.73359209,0.246,1.09,0.014,0.012,0.011,0.085,0.001,1966,X52
1076,0.015625,0.375,24,66000,93500,43.09033964,0.272,1.15,0.019,0.009,0.119,0.188,0.001,1952,X52
740,0.020784314,0.265,12.75,51500,68500,49.36126952,0.142,0.68,0.02,0.007,0.047,0.047,0.001,1953,X52
932,0.018086957,0.156,8.625,60000,85000,29.2,0.291,1.25,0.019,0.009,0.081,0.076,0.001,1965,X52
869,0.019607843,0.25,12.75,58000,74000,24.8025285,0.234,0.96,0.022,0.014,0.044,0.146,0.002,1954,X52
771,0.029411765,0.375,12.75,54500,86000,39.05430414,0.281,0.648,0.01,0.012,0.026,0.022,0.002,1988,X52
1017,0.015625,0.25,16,63000,87500,27.96975323,0.275,1.25,0.023,0.027,0.105,0.364,0.004,1961,X52
895,0.013,0.312,24,59000,84500,32.07739329,0.309,1.15,0.0225,0.0182,0.076,0.182,0.001,1948,X52
790,0.025391304,0.219,8.625,55000,65500,29.9284426,0.2,1,0.012,0.009,0.009,0.044,0.002,1982,X52
763,0.013,0.312,24,53500,67000,26.8,0.293,0.96,0.031,0.038,0.059,0.204,0.001,1948,X52
1079,0.020372093,0.219,10.75,66000,91500,31.37818648,0.286,1.18,0.015,0.007,0.009,0.011,0.001,1961,X52
938,0.013,0.312,24,60400,82200,29.9,0.268,1.06,0.026,0.022,0.079,0.259,0.001,1948,X52
739,0.013636364,0.3,22,51500,84000,39.64447983,0.276,1.15,0.019,0.015,0.009,0.01,0.001,1949,X52
733,0.021797101,0.188,8.625,50000,73500,40,0.257,1.04,0.02,0.014,0.015,0.041,0.002,1962,X52
1038,0.025391304,0.219,8.625,63500,86000,30,0.25,1.25,0.013,0.011,0.59,0.418,0.001,1960,X52
988,0.019607843,0.25,12.75,61871,80491,30.9,0.264,0.718,0.027,0.01,0.036,0.122,0.001,1966,X52
855,0.017488372,0.188,10.75,57500,70500,34,0.169,0.9,0.025,0.009,0.027,0.049,0.034,1970,X52
787,0.013888889,0.25,18,55000,73500,32.89297688,0.173,0.95,0.026,0.024,0.052,0.125,0.001,1960,X52
805,0.017333333,0.312,18,55900,68650,35.97243277,0.21,1.02,0.019,0.011,0.02,0.076,0.021,1970,X52
1059,0.011363636,0.25,22,65000,91000,40.3859428,0.28,1.01,0.04,0.025,0.072,0.29,0.004,1949,X52
1062,0.020372093,0.219,10.75,65000,94500,36.99746281,0.271,1.14,0.022,0.009,0.009,0.008,0.001,1961,X52
737,0.010807692,0.281,26,50686,77397,24.8,0.258,0.995,0.022,0.014,0.02,0.033,0.002,1954,X52
1031,0.019607843,0.25,12.75,63500,90500,34.20642505,0.275,1.15,0.015,0.024,0.061,0.397,0.002,1961,X52
1045,0.01095,0.219,20,64000,81500,35.07922446,0.249,1.08,0.015,0.012,0.034,0.026,0.002,1968,X52
976,0.023255814,0.25,10.75,61500,86000,40.73002785,0.246,1.03,0.027,0.007,0.008,0.013,0.002,1961,X52
767,0.008264706,0.281,34,54000,83200,37.98403617,0.23,0.121,0.014,0.01,0.012,0.015,0,1967,X52
886,0.0136875,0.219,16,58500,85000,25.49232931,0.3,1.14,0.018,0.012,0.043,0.048,0.001,1961,X52
815,0.015625,0.25,16,56363,72828,34.4,0.246,0.892,0.01,0.013,0.018,0.036,0.001,1968,X52
900,0.015625,0.25,16,59000,86500,38.13811673,0.274,1.23,0.025,0.032,0.068,0.383,0.003,1961,X52
850,0.013888889,0.25,18,57500,77500,22.5120388,0.188,0.919,0.025,0.018,0.056,0.139,0.001,1960,X52
792,0.017488372,0.188,10.75,55000,71500,31,0.195,0.89,0.016,0.006,0.03,0.044,0.026,1970,X52
1074,0.014333333,0.344,24,65941,86952,33.1,0.186,1.23,0.01,0.019,0.017,0.018,0.001,1972,X52
1096,0.017176471,0.219,12.75,67000,93000,34.74051579,0.32,1,0.017,0.012,0.013,0.02,0.029,1962,X52
844,0.018086957,0.156,8.625,57000,76000,42.3,0.227,1.1,0.02,0.013,0.028,0.055,0.001,1962,X52
989,0.015921569,0.203,12.75,61950,81701,37,0.2,0.972,0.02,0.01,0.034,0.037,0.036,1972,X52
1033,0.019607843,0.25,12.75,63500,89500,35.09357118,0.278,1.21,0.029,0.027,0.079,0.402,0.001,1961,X52
1043,0.019607843,0.25,12.75,64000,88000,34.56755051,0.249,1.14,0.028,0.033,0.107,0.404,0.001,1961,X52
843,0.021797101,0.188,8.625,57000,77500,27.1,0.249,0.82,0.029,0.012,0.082,0.256,0.001,1967,X52
1083,0.0104,0.312,30,66300,93500,39.68034339,0.207,1.34,0.017,0.009,0.076,0.017,0.001,1969,X52
877,0.021797101,0.188,8.625,58000,70000,37.2,0.152,1.11,0.022,0.011,0.016,0.02,0.011,1967,X52
964,0.019607843,0.25,12.75,61000,84500,33.34479989,0.266,1.19,0.024,0.03,0.052,0.385,0.001,1961,X52
899,0.010416667,0.25,24,59000,83000,43.33555462,0.24,0.89,0.023,0.024,0.084,0.25,0,1948,X52
963,0.019607843,0.25,12.75,61000,84500,37.00294787,0.271,1.08,0.032,0.037,0.079,0.404,0.001,1961,X52
860,0.0104,0.312,30,57700,83200,39.82663344,0.195,1.25,0.009,0.018,0.014,0.008,0.001,1969,X52
965,0.020372093,0.219,10.75,61000,93500,37.69788726,0.324,1.06,0.012,0.008,0.008,0.015,0.001,1961,X52
738,0.021797101,0.188,8.625,51000,72750,41.4,0.257,1.04,0.02,0.014,0.015,0.041,0.002,1962,X52
752,0.010807692,0.281,26,52903,79592,32.5,0.268,1.155,0.027,0.012,0.043,0.018,0.001,1954,X52
834,0.013,0.312,24,57000,80500,37.03607816,0.239,1.005,0.023,0.0175,0.0475,0.121,0.001,1948,X52
1137,0.018086957,0.156,8.625,71500,90500,38.5,0.264,1.13,0.013,0.012,0.014,0.028,0.001,1962,X52
891,0.028377358,0.188,6.625,58500,76500,40.1,0.197,0.77,0.011,0.005,0.008,0.008,0.001,1979,X52
1011,0.02354717,0.156,6.625,62828,79135,32.4,0.224,1.165,0.02,0.02,0.057,0.065,0.001,1963,X52
783,0.026139535,0.281,10.75,54500,68000,27.1,0.104,1,0.008,0.013,0.01,0.01,0.018,1983,X52
1106,0.037735849,0.25,6.625,68000,81000,22.45652709,0.132,0.628,0.006,0.003,0.004,0.012,0.001,1950,X52
890,0.021797101,0.188,8.625,58500,78000,32.7,0.255,0.82,0.03,0.012,0.082,0.253,0.001,1967,X52
1130,0.021797101,0.188,8.625,70500,90500,35.1,0.26,1.2,0.02,0.008,0.069,0.156,0.001,1972,X52
1082,0.020372093,0.219,10.75,66200,96300,28.91548027,0.281,1.07,0.014,0.009,0.011,0.02,0.002,1961,X52
1099,0.042264151,0.28,6.625,67500,72000,32.90034181,0.086,0.958,0.002,0.01,0.019,0.004,0.017,2013,X52
1117,0.021797101,0.188,8.625,69000,89000,37.3,0.239,1.09,0.018,0.012,0.071,0.174,0.001,1972,X52
1026,0.013,0.312,24,63500,87000,33.08722982,0.285,1.12,0.0215,0.016,0.108,0.205,0.001,1948,X52
745,0.028985507,0.25,8.625,52000,71000,34.62533089,0.174,0.693,0.012,0.008,0.044,0.039,0.002,1969,X52
953,0.02354717,0.156,6.625,60587,78012,33.6,0.232,1.187,0.022,0.012,0.063,0.089,0.001,1963,X52
880,0.010807692,0.281,26,58436,78915,37.2,0.239,0.996,0.023,0.012,0.025,0.045,0.001,1954,X52
722,0.013888889,0.25,18,45600,69000,38.41971693,0.281,1.22,0.013,0.005,0.016,0.021,0.002,1978,X52
1128,0.015921569,0.203,12.75,70000,91500,34,0.262,1.15,0.022,0.019,0.016,0.01,0.014,1969,X52
728,0.032,0.344,10.75,48500,65000,32.1,0.208,0.693,0.018,0.004,0.011,0.017,0.001,1955,X52
1041,0.014333333,0.344,24,64000,91000,31.37023317,0.183,1.41,0.025,0.024,0.035,0.038,0.001,1972,X52
908,0.021797101,0.188,8.625,59000,80500,30.1,0.19,0.726,0.011,0.004,0.009,0.017,0.001,1981,X52
898,0.010416667,0.25,24,59000,78000,35.68573138,0.23,0.76,0.026,0.029,0.11,0.23,0,1948,X52
1042,0.019607843,0.25,12.75,64000,88500,36.65471939,0.301,1.38,0.019,0.039,0.068,0.4,0.002,1961,X52
1037,0.017176471,0.219,12.75,63500,80000,43.55823314,0.25,0.942,0.016,0.009,0.017,0.023,0.001,1962,X52
922,0.019607843,0.25,12.75,59700,71200,33.3,0.253,0.474,0.037,0.007,0.071,0.208,0.001,1954,X52
1144,0.061714286,0.216,3.5,73268,74913,38,0.053,1.03,0.001,0.006,0.008,0.008,0.02,2014,X52
1023,0.021797101,0.188,8.625,63000,79500,36.9,0.234,1.29,0.024,0.016,0.052,0.145,0.002,1961,X52
1073,0.017176471,0.219,12.75,65900,83300,27.4,0.168,1.03,0.013,0.007,0.014,0.014,0.024,1968,X52
751,0.010416667,0.25,24,52900,74200,37.35266295,0.23,0.75,0.04,0.019,0.086,0.23,0,1948,X52
775,0.017176471,0.219,12.75,54500,70000,29.39953344,0.199,1.04,0.028,0.009,0.011,0.027,0.014,1969,X52
726,0.01875,0.375,20,47817,76060,24.9,0.199,1.12,0.012,0.009,0.015,0.006,0.001,1970,X52
1125,0.024470588,0.312,12.75,69500,81000,36.65828346,0.061,1.04,0.002,0.013,0.008,0.01,0.029,2014,X52
897,0.011708333,0.281,24,59000,81500,38.12004726,0.257,1.1,0.018,0.015,0.096,0.114,0.001,1960,X52
944,0.020372093,0.219,10.75,60500,84000,35.87686988,0.266,1.13,0.015,0.007,0.008,0.01,0.001,1961,X52
760,0.010807692,0.281,26,53500,76000,27.7951659,0.23,0.93,0.024,0.019,0.053,0.096,0,1957,X52
861,0.017488372,0.188,10.75,57800,83400,33,0.259,1.13,0.018,0.01,0.047,0.118,0.002,1972,X52
883,0.015625,0.25,16,58500,72000,24.78851334,0.25,0.92,0.02,0.012,0.012,0.016,0.001,1954,X52
1115,0.01095,0.219,20,69000,93000,38.57390369,0.266,1.21,0.02,0.01,0.044,0.032,0.001,1968,X52
1019,0.020372093,0.219,10.75,63000,91000,24.3578072,0.281,1.26,0.017,0.01,0.01,0.01,0.001,1961,X52
801,0.018086957,0.156,8.625,55500,73000,34.8,0.206,1.11,0.017,0.01,0.073,0.043,0.001,1962,X52
798,0.025391304,0.219,8.625,55500,75000,25.70427759,0.24,1.06,0.027,0.021,0.023,0.09,0.002,1960,X52
1138,0.018883721,0.203,10.75,71600,88100,37,0.19,0.91,0.02,0.01,0.008,0.008,0.025,1967,X52
1142,0.010807692,0.281,26,73000,81000,39.6098584,0.29,1,0.023,0.01,0.036,0.07,0,1956,X52
1092,0.015625,0.375,24,67000,84000,33.33911829,0.31,1.15,0.018,0.011,0.006,0.009,0.003,1959,X52
1121,0.037333333,0.322,8.625,69000,75000,29.9,0.059,1.07,0.004,0.019,0.009,0.015,0.02,1980,X52
835,0.01925,0.308,16,57000,66500,34.58806062,0.132,1.14,0.012,0.009,0.022,0.024,0.018,1967,X52
806,0.015625,0.25,16,56000,76000,37.28400537,0.27,0.89,0.022,0.011,0.013,0.02,0.002,1954,X52
957,0.013,0.312,24,61000,82500,35.77696328,0.246,1.175,0.0185,0.0335,0.043,0.1535,0.001,1948,X52
1105,0.011708333,0.281,24,68000,85500,25.57810785,0.25,1.1,0.019,0.013,0.095,0.112,0.001,1960,X52
769,0.028985507,0.25,8.625,54000,72000,34.86968421,0.177,0.694,0.013,0.008,0.044,0.039,0.001,1969,X52
862,0.0195,0.312,16,57800,75400,25.9,0.259,0.979,0.032,0.018,0.021,0.037,0.001,1952,X52
755,0.020784314,0.265,12.75,53000,68000,43.70848425,0.142,0.68,0.02,0.007,0.047,0.047,0.001,1953,X52
912,0.019607843,0.25,12.75,59500,84500,39.64983346,0.256,1.16,0.017,0.028,0.056,0.396,0.001,1961,X52
793,0.017488372,0.188,10.75,55000,69500,33,0.158,0.78,0.024,0.007,0.031,0.045,0.024,1970,X52
1050,0.019607843,0.25,12.75,64500,89500,31.87061959,0.304,1.21,0.021,0.031,0.124,0.418,0.002,1961,X52
743,0.019607843,0.25,12.75,51900,78700,40.78342844,0.14,0.88,0.01,0.01,0.014,0.02,0,1962,X52
1102,0.021797101,0.188,8.625,67500,80000,35.7,0.159,0.734,0.01,0.006,0.008,0.012,0.001,1983,X52
1014,0.010035714,0.281,28,63000,78000,26.38361783,0.203,1.085,0.016,0.011,0.021,0.027,0.005,1970,X52
765,0.015625,0.375,24,54000,79000,38.86713378,0.265,1.01,0.019,0.013,0.079,0.186,0.001,1952,X52
1094,0.019607843,0.25,12.75,67000,81000,38.04598861,0.253,1.25,0.024,0.034,0.145,0.428,0.001,1961,X52
816,0.010807692,0.281,26,56444,76663,28.6,0.249,0.961,0.018,0.014,0.013,0.032,0.001,1954,X52
927,0.019607843,0.25,12.75,60000,76000,35.69427009,0.267,0.917,0.016,0.011,0.012,0.031,0.002,1958,X52
946,0.021797101,0.188,8.625,60500,83000,36,0.21,1.07,0.021,0.014,0.022,0.02,0,1964,X52
774,0.0125,0.25,20,54500,79500,39.35265307,0.269,0.981,0.027,0.022,0.02,0.033,0.002,1949,X52
1089,0.020372093,0.219,10.75,66500,91500,36.66107111,0.279,1.1,0.024,0.008,0.01,0.008,0.001,1961,X52
847,0.0125,0.25,20,57400,78500,28.98137121,0.156,1.07,0.017,0.019,0.048,0.098,0.024,1967,X52
853,0.0115,0.23,20,57500,76500,36.19317788,0.252,1.17,0.014,0.009,0.141,0.016,0.001,1968,X52
991,0.012,0.312,26,62000,82550,46.25041356,0.25,0.91,0.026,0.011,0.05,0.06,0.003,1951,X52
967,0.017488372,0.188,10.75,61000,88000,23,0.275,1.42,0.024,0.006,0.037,0.125,0.001,1973,X52
882,0.012772727,0.281,22,58500,82500,36.03474224,0.262,0.968,0.032,0.013,0.029,0.14,0.003,1952,X52
1048,0.012019231,0.3125,26,64500,82000,38.32877628,0.23,1.03,0.032,0.025,0.072,0.2,0,1951,X52
1123,0.041507246,0.358,8.625,69400,74400,41.1,0.074,0.946,0.009,0.017,0.022,0.008,0.011,1979,X52
842,0.025391304,0.219,8.625,57000,68000,37.21269215,0.14,0.462,0.019,0.009,0.011,0.008,0.032,1979,X52
1056,0.015625,0.25,16,64509,80594,35.2,0.27,0.794,0.032,0.011,0.01,0.018,0.001,1954,X52
859,0.041777778,0.188,4.5,57600,73900,25.6,0.223,0.574,0.019,0.005,0.012,0.072,0.001,1965,X52
950,0.018086957,0.156,8.625,60500,86000,29.6,0.264,1.13,0.013,0.012,0.014,0.028,0.001,1962,X52
803,0.0125,0.375,30,55800,82600,38.55496193,0.27,1.08,0.025,0.013,0.031,0.04,0.003,1952,X52
917,0.021797101,0.188,8.625,59500,74000,30.5,0.201,0.7,0.016,0.014,0.021,0.049,0.001,1968,X52
776,0.025391304,0.219,8.625,54500,69000,35.45444415,0.118,0.486,0.019,0.014,0.013,0.005,0.035,1979,X52
947,0.021797101,0.188,8.625,60500,72500,37.4,0.227,0.95,0.016,0.018,0.008,0.011,0.001,1961,X52
821,0.0175,0.28,16,56500,72500,27.02387341,0.249,0.856,0.037,0.016,0.023,0.078,0.002,1954,X52
1145,0.043689883,0.377,8.629,73400,86600,28,0.061,1.007,0.01,0.009,0.009,0.013,0.038,1982,X52
1148,0.015625,0.375,24,78200,85100,33.01110678,0.275,1.11,0.02,0.012,0.08,0.194,0.001,1952,X52
759,0.013490196,0.172,12.75,53000,65000,39.7,0.222,0.89,0.021,0.006,0.023,0.027,0.001,1965,X52
923,0.0195,0.312,16,59800,76600,27.7,0.254,0.965,0.027,0.017,0.021,0.037,0.001,1952,X52
833,0.0172,0.344,20,57000,76000,29.02915806,0.27,1.1,0.03,0.012,0.035,0.14,0.001,1952,X52
828,0.0125,0.375,30,56600,82500,34.18464053,0.27,1.08,0.025,0.013,0.031,0.04,0.003,1952,X52
1091,0.025962264,0.172,6.625,66989,79900,30.6,0.184,1.297,0.018,0.007,0.038,0.109,0.002,1963,X52
1015,0.011363636,0.25,22,63000,89000,26.27640847,0.28,1.01,0.04,0.025,0.072,0.29,0.004,1949,X52
1021,0.017488372,0.188,10.75,63000,77000,38.1,0.172,0.78,0.02,0.007,0.036,0.038,0.03,1970,X52
846,0.041777778,0.188,4.5,57200,75400,31.4,0.242,0.575,0.019,0.006,0.013,0.074,0.001,1965,X52
1140,0.019607843,0.25,12.75,72500,91000,25.0294387,0.204,0.729,0.016,0.006,0.033,0.03,0.03,1971,X52
756,0.015625,0.25,16,53000,73000,41.75380956,0.25,0.77,0.02,0.012,0.009,0.016,0.002,1954,X52
746,0.009366667,0.281,30,52200,84500,24.45574388,0.27,1.12,0.032,0.014,0.034,0.054,0,1953,X52
904,0.025391304,0.219,8.625,59000,68000,34.45163072,0.2,1,0.012,0.009,0.009,0.044,0.002,1982,X52
1003,0.029411765,0.375,12.75,62500,73500,31.30797203,0.04,1.17,0.005,0.011,0.054,0.119,0.036,2001,X52
781,0.021797101,0.188,8.625,54500,74500,34.3,0.241,0.893,0.017,0.011,0.023,0.034,0.001,1980,X52
1135,0.01095,0.219,20,71500,94000,39.99550132,0.258,1.15,0.023,0.008,0.025,0.029,0.001,1968,X52
942,0.0115,0.23,20,60500,82000,39.02896295,0.248,1.16,0.017,0.011,0.028,0.022,0.001,1968,X52
1126,0.017488372,0.188,10.75,69500,86000,29.5,0.24,1.18,0.022,0.013,0.073,0.1,0.004,1972,X52
993,0.020071429,0.281,14,62000,85600,30.25404017,0.24,1.19,0.022,0.029,0.037,0.04,0.001,1965,X52
994,0.019607843,0.25,12.75,62000,84000,28.42355165,0.205,1.37,0.037,0.011,0.061,0.22,0.001,1961,X52
977,0.028985507,0.25,8.625,61500,81000,36.5006763,0.268,0.691,0.017,0.005,0.069,0.151,0.001,1968,X52
1116,0.01095,0.219,20,69000,93000,33.67686524,0.266,1.21,0.02,0.01,0.044,0.032,0.001,1968,X52
1078,0.015625,0.25,16,66000,90500,26.61931352,0.253,1.23,0.011,0.028,0.025,0.432,0.001,1966,X52
747,0.011708333,0.281,24,52600,72250,32.46693325,0.24,1.09,0.018,0.01,0.005,0.014,0.004,1958,X52
1016,0.011363636,0.25,22,63000,89000,37.68909504,0.27,1.06,0.023,0.03,0.069,0.26,0.004,1949,X52
1063,0.020372093,0.219,10.75,65000,91500,26.35922471,0.284,1.11,0.018,0.009,0.008,0.01,0.001,1961,X52
1090,0.021797101,0.188,8.625,66500,86000,38.6,0.269,1.21,0.011,0.009,0.013,0.08,0.001,1962,X52
910,0.015636364,0.344,22,59500,82000,36.80506445,0.266,1.04,0.023,0.01,0.02,0.116,0.003,1952,X52
935,0.0115,0.23,20,60100,82000,33.38095684,0.28,1.08,0.015,0.008,0.022,0.035,0.002,1968,X52
1133,0.037333333,0.322,8.625,71000,76000,30.7,0.051,1.24,0.006,0.01,0.004,0.004,0.028,1990,X52
735,0.017488372,0.188,10.75,50500,69000,28,0.153,0.55,0.018,0.007,0.048,0.163,0.002,1970,X52
723,0.0125,0.375,30,45700,80500,18.67800467,0.272,1.1,0.018,0.015,0.027,0.038,0.003,1957,X52
827,0.0125,0.375,30,56600,82500,44.17604429,0.24,0.98,0.027,0.011,0.044,0.041,0.003,1952,X52
918,0.013490196,0.172,12.75,59500,79500,40.3,0.273,1.13,0.015,0.008,0.017,0.021,0.001,1965,X52
961,0.015625,0.25,16,61000,85500,33.86352631,0.268,1.17,0.026,0.027,0.078,0.395,0.003,1961,X52
951,0.0203,0.406,20,60500,75500,35.6,0.057,1.3,0.002,0.014,0.005,0.005,0.025,1998,X52
813,0.018086957,0.156,8.625,56000,72500,15.4,0.211,0.649,0.018,0.012,0.057,0.137,0.001,1971,X52
796,0.015625,0.25,16,55500,71500,36.68218455,0.247,0.848,0.021,0.007,0.032,0.06,0.004,1961,X52
1064,0.025391304,0.219,8.625,65000,87100,33,0.188,1.08,0.015,0.01,0.022,0.023,0.001,1960,X52
893,0.008458333,0.406,48,58800,80900,30.17779812,0.19,1.37,0.021,0.017,0.011,0.031,0,1973,X52
972,0.008264706,0.281,34,61500,79500,29.33797765,0.247,1.05,0.018,0.11,0.015,0.023,0.002,1967,X52
1040,0.021797101,0.188,8.625,63500,81500,36.9,0.159,0.734,0.01,0.006,0.008,0.012,0.001,1983,X52
807,0.015625,0.25,16,56000,79500,24.29092959,0.307,1.09,0.019,0.015,0.02,0.034,0.002,1960,X52
872,0.017488372,0.188,10.75,58000,71500,32,0.173,0.81,0.024,0.011,0.026,0.04,0.03,1970,X52
768,0.015625,0.25,16,54000,68000,44.0569315,0.177,0.47,0.026,0.028,0.041,0.096,0.002,1960,X52
789,0.015625,0.25,16,55000,81000,47.52849514,0.258,1.19,0.014,0.012,0.041,0.066,0.019,1972,X52
875,0.021797101,0.188,8.625,58000,77500,42.1,0.24,0.99,0.021,0.012,0.031,0.093,0.001,1961,X52
956,0.0172,0.344,20,61000,84000,32.83799223,0.266,1.06,0.024,0.011,0.034,0.147,0.001,1952,X52
1114,0.035813953,0.385,10.75,69000,77000,40.15845822,0.036,1.1,0.001,0.012,0.024,0.059,0.033,2012,X52
721,0.0125,0.375,30,43200,79500,18.38376558,0.272,1.1,0.018,0.015,0.027,0.038,0.003,1957,X52
1053,0.020372093,0.219,10.75,64500,96500,36.51254346,0.321,1.08,0.015,0.008,0.008,0.017,0.001,1961,X52
1097,0.017176471,0.219,12.75,67000,80500,35.10875565,0.251,0.967,0.014,0.01,0.014,0.024,0.001,1962,X52
863,0.010035714,0.281,28,58000,76500,38.91093686,0.2,1.19,0.024,0.014,0.012,0.063,0.003,1970,X52
1020,0.023536232,0.203,8.625,63000,87000,27,0.25,1.07,0.017,0.012,0.028,0.022,0.002,1965,X52
962,0.019607843,0.25,12.75,61000,84000,36.56679243,0.27,1.19,0.023,0.03,0.076,0.402,0.002,1961,X52
930,0.025391304,0.219,8.625,60000,82300,38,0.199,1.1,0.023,0.011,0.024,0.029,0.001,1960,X52
1009,0.02354717,0.156,6.625,62541,70531,30.7,0.185,1.162,0.018,0.009,0.049,0.044,0.001,1963,X52
933,0.015615385,0.406,26,60000,81500,29.1,0.073,0.87,0.003,0.007,0.013,0.024,0.022,1998,X52
997,0.017488372,0.188,10.75,62000,78500,36.9,0.189,1.03,0.019,0.012,0.03,0.046,0.03,1970,X52
1039,0.021797101,0.188,8.625,63500,81500,38,0.271,1.13,0.023,0.016,0.047,0.149,0.003,1961,X52
913,0.0115,0.23,20,59500,79000,31.84988512,0.252,1.17,0.014,0.009,0.141,0.016,0.001,1968,X52
764,0.021797101,0.188,8.625,53900,74500,38.3,0.237,0.97,0.021,0.012,0.009,0.014,0.003,1961,X52
754,0.0125,0.375,30,53000,79500,33.18167453,0.252,1.12,0.022,0.012,0.015,0.029,0.003,1957,X52
856,0.021797101,0.188,8.625,57500,68000,36.1,0.229,0.83,0.018,0.011,0.009,0.011,0.001,1968,X52
907,0.021797101,0.188,8.625,59000,74000,33.9,0.233,0.98,0.022,0.013,0.031,0.093,0.001,1961,X52
931,0.021797101,0.188,8.625,60000,88500,33.7,0.276,0.851,0.033,0.011,0.062,0.191,0.001,1967,X52
761,0.015611111,0.281,18,53500,75500,41.53451244,0.29,0.71,0.03,0.017,0.076,0.067,0,1950,X52
973,0.015625,0.25,16,61500,82000,30.68315815,0.306,1.02,0.025,0.008,0.011,0.014,0.001,1961,X52
779,0.017488372,0.188,10.75,54500,71000,28,0.173,0.82,0.018,0.01,0.032,0.042,0.023,1970,X52
1119,0.021797101,0.188,8.625,69000,81500,39.5,0.208,0.747,0.015,0.008,0.039,0.047,0.018,1963,X52
894,0.02354717,0.156,6.625,58982,70016,28.2,0.19,1.075,0.022,0.013,0.04,0.045,0.001,1963,X52
905,0.017488372,0.188,10.75,59000,74500,25,0.185,0.94,0.022,0.012,0.034,0.043,0.025,1970,X52
952,0.021797101,0.188,8.625,60579,70780,38,0.06,0.634,0.006,0.009,0.017,0.063,0.029,2011,X52
808,0.023536232,0.203,8.625,56000,74000,36.5,0.23,1.12,0.023,0.009,0.057,0.17,0.013,1961,X52
757,0.015625,0.25,16,53000,86500,36.2374089,0.231,1.16,0.016,0.016,0.051,0.05,0.001,1954,X52
736,0.0175625,0.281,16,50600,79800,24.19578723,0.252,1.24,0.023,0.012,0.064,0.07,0.002,1954,X52
876,0.021797101,0.188,8.625,58000,75500,34.8,0.208,0.747,0.015,0.008,0.039,0.047,0.018,1963,X52
823,0.017488372,0.188,10.75,56500,73500,23,0.167,0.083,0.017,0.006,0.027,0.026,0.03,1970,X52
848,0.0125,0.375,30,57500,81000,32.40545729,0.243,1.06,0.015,0.012,0.079,0.162,0.003,1957,X52
982,0.020372093,0.219,10.75,61500,93500,36.44851144,0.311,1.18,0.017,0.008,0.009,0.021,0.002,1961,X52
1046,0.021797101,0.188,8.625,64000,93500,38.2,0.28,1.21,0.02,0.032,0.063,0.432,0.003,1962,X52
998,0.017488372,0.188,10.75,62000,79500,36.9,0.189,0.94,0.033,0.009,0.017,0.021,0.035,1970,X52
1134,0.046511628,0.5,10.75,71500,75700,32.05584073,0.056,1,0.002,0.012,0.044,0.142,0.016,2012,X52
990,0.02354717,0.156,6.625,61966,70353,29.6,0.179,1.197,0.023,0.009,0.054,0.063,0.001,1963,X52
829,0.019607843,0.25,12.75,56600,69200,36.9,0.261,0.45,0.034,0.011,0.06,0.216,0.001,1954,X52
810,0.017488372,0.188,10.75,56000,71000,29,0.157,0.78,0.025,0.007,0.031,0.046,0.024,1970,X52
887,0.017488372,0.188,10.75,58500,83000,35,0.24,1.18,0.022,0.013,0.073,0.1,0.004,1972,X52
1199,0.0175625,0.281,16,69000,88000,34.5,0.238,1.15,0.015,0.015,0.025,0.015,0.024,1975,X60
1183,0.0172,0.344,20,64000,81500,31.69513733,0.066,0.97,0.013,0.005,0.017,0.025,0.074,1982,X60
1188,0.019486516,0.211,10.828,65500,79500,36.19760781,0.084,1.09,0.009,0.013,0.013,0.011,0.04,1992,X60
1175,0.016916667,0.406,24,63300,85900,33.9,0.23,1.11,0.03,0.015,0.05,0.09,0,1962,X60
1170,0.0126875,0.203,16,62500,80000,29.77620476,0.231,1.22,0.023,0.007,0.021,0.036,0.02,1965,X60
1221,0.019942029,0.172,8.625,75000,89000,33.85308601,0.059,1.42,0.005,0.016,0.125,0.395,0.069,1993,X60
1202,0.018867925,0.125,6.625,70000,77000,33.87779193,0.195,0.745,0.015,0.003,0.056,0.069,0.001,1983,X60
1182,0.0172,0.344,20,64000,80500,35.1,0.227,1.03,0.019,0.007,0.012,0.009,0.001,1962,X60
1180,0.0125,0.25,20,63500,82500,31,0.224,1.18,0.013,0.009,0.042,0.028,0.027,1975,X60
1235,0.02855814,0.307,10.75,84000,102000,20.8,0.223,0.97,0.017,0.012,0.012,0.008,0.001,1967,X60
1210,0.010807692,0.281,26,72000,101000,30.1,0.244,1.34,0.016,0.008,0.023,0.03,0.015,1968,X60
1189,0.0126875,0.203,16,66000,83000,33.77187914,0.218,1.23,0.019,0.008,0.018,0.036,0.018,1965,X60
1177,0.012166667,0.438,36,63500,84500,27.6,0.209,1.27,0.017,0.008,0.029,0.04,0.04,1970,X60
1224,0.017857143,0.25,14,77000,86500,27.8,0.054,1.08,0.005,0.007,0.007,0.011,0.041,2002,X60
1163,0.0126875,0.203,16,60500,79000,40.02581081,0.275,1.41,0.018,0.007,0.028,0.042,0.025,1965,X60
1194,0.017857143,0.25,14,67500,82500,29.2,0.051,1.07,0.006,0.007,0.006,0.01,0.04,2002,X60
1215,0.017857143,0.25,14,73000,82000,27.5,0.054,1.08,0.005,0.007,0.007,0.011,0.041,2002,X60
1171,0.0126875,0.203,16,62500,82500,29.69268878,0.252,1.34,0.018,0.008,0.018,0.025,0.028,1965,X60
1201,0.0125,0.25,20,69500,82000,38.1,0.22,1.1,0.015,0.016,0.018,0.083,0.014,1968,X60
1219,0.017176471,0.219,12.75,74500,86500,32.5,0.06,1.12,0.013,0.012,0.009,0.15,0.054,1987,X60
1169,0.0126875,0.203,16,62500,84500,29.39594639,0.259,1.35,0.027,0.009,0.038,0.028,0.025,1965,X60
1223,0.028205128,0.242,8.58,76700,98000,29.36492935,0.22,0.886,0.018,0.008,0.014,0.008,0.001,1967,X60
1176,0.012166667,0.438,36,63500,84500,27.3,0.209,1.3,0.016,0.006,0.019,0.028,0.041,1970,X60
1159,0.0126875,0.203,16,58000,74000,36.15047176,0.232,1.26,0.019,0.008,0.027,0.033,0.019,1965,X60
1217,0.015625,0.25,16,73500,88000,33.6,0.055,1.05,0.014,0.008,0.021,0.028,0.063,1977,X60
1158,0.0126875,0.203,16,58000,73500,41.34275579,0.232,1.26,0.019,0.008,0.027,0.033,0.019,1965,X60
1193,0.010416667,0.25,24,67000,93500,29.9,0.245,1.31,0.024,0.011,0.03,0.024,0.014,1968,X60
1168,0.0126875,0.203,16,62000,78000,35.57188878,0.228,1.24,0.022,0.009,0.071,0.069,0.021,1965,X60
1181,0.0126875,0.203,16,63500,88500,29.5328436,0.262,1.33,0.025,0.009,0.038,0.029,0.024,1965,X60
1209,0.018867925,0.125,6.625,71700,82100,39.91842701,0.186,0.766,0.018,0.004,0.068,0.137,0.002,1983,X60
1179,0.024,0.306,12.75,63500,80000,27.9,0.223,1.32,0.016,0.011,0.017,0.015,0.028,1972,X60
1220,0.019607843,0.25,12.75,74600,99600,28.74716196,0.184,1.01,0.018,0.01,0.012,0.009,0.026,1968,X60
1222,0.0086,0.344,40,75500,90000,31.8,0.197,1.12,0.017,0.009,0.029,0.085,0.037,1978,X60
1212,0.026980392,0.344,12.75,72000,85500,23.85699937,0.065,1.04,0.009,0.008,0.007,0.012,0.061,1983,X60
1213,0.010416667,0.25,24,72500,92000,32.7,0.204,1.28,0.018,0.01,0.02,0.023,0.026,1968,X60
1227,0.017857143,0.25,14,78000,83000,32.7,0.051,1.07,0.006,0.007,0.006,0.01,0.04,2002,X60
1157,0.0126875,0.203,16,57500,74500,39.50738539,0.221,1.26,0.017,0.007,0.027,0.033,0.018,1965,X60
1207,0.024470588,0.312,12.75,71000,94500,21.9,0.194,0.73,0.012,0.005,1.07,0.618,0.003,1967,X60
1195,0.014127925,0.283,20.03125,68000,84000,27.49779621,0.079,1.01,0.017,0.006,0.017,0.029,0.06,1982,X60
1155,0.017488372,0.188,10.75,57000,75000,26.65711542,0.206,1.07,0.018,0.006,0.011,0.014,0.051,1973,X60
1153,0.0126875,0.203,16,56000,76000,29.89894091,0.257,1.25,0.025,0.007,0.019,0.031,0.011,1965,X60
1231,0.028037383,0.24,8.56,81400,102200,34.01858701,0.223,0.887,0.013,0.01,0.016,0.009,0.001,1967,X60
1167,0.0126875,0.203,16,62000,78500,32.30347688,0.215,1.25,0.015,0.007,0.018,0.035,0.019,1965,X60
1190,0.018867925,0.125,6.625,66000,82000,27.30521654,0.188,0.744,0.016,0.004,0.073,0.139,0.001,1983,X60
1211,0.0175625,0.281,16,72000,96500,30.9,0.247,1.37,0.019,0.015,0.024,0.021,0.027,1975,X60
1233,0.018867925,0.125,6.625,82300,90900,22.82741536,0.181,0.763,0.017,0.004,0.078,0.137,0.001,1982,X60
1218,0.010416667,0.25,24,74000,90500,33.8,0.204,1.28,0.018,0.01,0.02,0.023,0.026,1968,X60
1184,0.0175625,0.281,16,64500,87500,25.8,0.247,1.13,0.014,0.016,0.017,0.011,0.02,1975,X60
1186,0.024,0.306,12.75,65500,81500,28.5,0.205,1.28,0.014,0.013,0.02,0.015,0.033,1972,X60
1232,0.02855814,0.307,10.75,81500,99500,23.2,0.228,0.981,0.017,0.012,0.012,0.008,0.001,1967,X60
1173,0.024,0.306,12.75,63000,78000,35.3,0.213,1.25,0.023,0.011,0.011,0.008,0.031,1972,X60
1156,0.0126875,0.203,16,57500,75000,39.89143169,0.243,1.22,0.024,0.007,0.021,0.036,0.021,1965,X60
1154,0.0126875,0.203,16,56500,72000,35.73876145,0.226,1.22,0.022,0.007,0.02,0.036,0.019,1965,X60
1200,0.018867925,0.125,6.625,69200,84200,23.02307708,0.186,0.775,0.019,0.004,0.068,0.138,0.001,1983,X60
1165,0.0126875,0.203,16,61500,79000,31.91254605,0.24,1.32,0.022,0.013,0.019,0.035,0.026,1965,X60
1164,0.03255814,0.35,10.75,61000,93000,28.9,0.243,1.03,0.015,0.012,0.01,0.005,0.002,1970,X60
1185,0.010416667,0.25,24,65000,89500,31.5,0.245,1.31,0.024,0.011,0.03,0.024,0.014,1968,X60
1196,0.018867925,0.125,6.625,68500,87500,37.04948619,0.192,0.827,0.019,0.006,0.081,0.131,0.002,1983,X60
1178,0.024,0.306,12.75,63500,80000,25.6,0.223,1.32,0.016,0.011,0.017,0.015,0.028,1972,X60
1251,0.010416667,0.375,36,70500,87000,37.4007687,0.161,1.43,0.003,0.018,0.016,0.012,0.045,1971,X65
1268,0.015625,0.25,16,83500,97500,27.29376196,0.048,1.55,0.002,0.011,0.054,0.13,0.053,2012,X65
1270,0.015625,0.25,16,87000,98500,37.66282202,0.042,1.58,0.003,0.011,0.048,0.132,0.051,2012,X65
1257,0.017176471,0.219,12.75,73500,90000,37.95037607,0.11,1.5,0.006,0.016,0.011,0.022,0.054,1981,X65
1266,0.01875,0.375,20,78500,84000,26.13964377,0.074,1.36,0.002,0.015,0.011,0.018,0.04,2015,X65
1248,0.017857143,0.25,14,70000,86000,34.9221161,0.055,1.06,0.02,0.005,0.014,0.02,0.06,1981,X65
1252,0.0156,0.312,20,71300,89400,48.23383134,0.069,0.99,0.004,0.009,0.013,0.016,0.051,1994,X65
1269,0.015625,0.375,24,84000,96000,37.74409385,0.062,1.68,0.003,0.009,0.015,0.045,0.045,2011,X65
1259,0.010416667,0.375,36,74000,96500,33.70570874,0.26,1.37,0.021,0.014,0.024,0.041,0.015,1968,X65
1267,0.01875,0.375,20,80500,95000,30.55724616,0.074,1.36,0.002,0.015,0.011,0.018,0.04,2015,X65
1246,0.026041667,0.625,24,70000,81500,32.34867545,0.076,1.29,0.004,0.014,0.005,0.009,0.036,1997,X65
1261,0.015625,0.375,24,75500,91000,32.76651383,0.059,1.67,0.003,0.009,0.015,0.046,0.044,2011,X65
1240,0.017857143,0.25,14,68000,84500,26.63340004,0.058,1.03,0.014,0.008,0.019,0.029,0.056,1981,X65
1237,0.010416667,0.375,36,65500,91000,27.31336979,0.156,1.43,0.003,0.017,0.016,0.01,0.043,1971,X65
1265,0.024470588,0.312,12.75,77000,83500,36.49837877,0.071,1.21,0.006,0.017,0.004,0.006,0.039,2000,X65
1260,0.010416667,0.375,36,74500,90000,31.98092794,0.156,1.43,0.003,0.017,0.016,0.01,0.043,1971,X65
1249,0.017176471,0.219,12.75,70000,90500,36.60364907,0.093,1.56,0.01,0.007,0.013,0.021,0.05,1981,X65
1253,0.015625,0.375,24,71500,94000,27.6519368,0.055,1.62,0.005,0.012,0.016,0.045,0.042,2011,X65
1262,0.017857143,0.25,14,75500,87000,38.59473333,0.064,1.03,0.02,0.006,0.011,0.02,0.063,1981,X65
1241,0.034722222,0.625,18,68500,88000,29.48100757,0.075,1.47,0.003,0.006,0.094,0.291,0.042,1996,X65
1244,0.018086957,0.156,8.625,69500,83000,35.13642467,0.06,1.32,0.008,0.007,0.034,0.06,0.088,1985,X65
1247,0.017857143,0.25,14,70000,86000,42.84771818,0.053,1.05,0.02,0.005,0.014,0.02,0.06,1981,X65
1256,0.024470588,0.312,12.75,73500,87500,40.23657944,0.064,1.32,0.004,0.02,0.005,0.006,0.036,1999,X65
1255,0.017857143,0.25,14,72000,82500,39.13511673,0.05,1.01,0.014,0.006,0.013,0.025,0.055,1981,X65
1250,0.010416667,0.375,36,70500,90000,40.52143867,0.167,1.44,0.005,0.022,0.014,0.013,0.045,1971,X65
1278,0.013888889,0.5,36,74925,92500,22.78245586,0.045,1.74,0.003,0.013,0.092,0.345,0.071,2013,X70
1299,0.020625,0.495,24,88842,100660,30.02383229,0.049,1.55,0.004,0.011,0.099,0.274,0.067,2017,X70
1289,0.0143,0.429,30,82500,96500,36.24257077,0.065,1.59,0.002,0.011,0.147,0.265,0.049,2011,X70
1283,0.015625,0.25,16,78500,91000,34.42710228,0.051,1.59,0.002,0.013,0.023,0.029,0.08,2013,X70
1296,0.020625,0.495,24,87076,96987,31.65297934,0.049,1.55,0.004,0.011,0.099,0.274,0.067,2017,X70
1276,0.0146,0.438,30,73500,89500,35.71475632,0.121,1.37,0.004,0.013,0.009,0.006,0.021,2007,X70
1281,0.014880952,0.625,42,78500,97500,36.43379871,0.056,1.57,0.003,0.016,0.087,0.328,0.075,2008,X70
1275,0.0146,0.438,30,73500,90000,24.6750196,0.116,1.38,0.005,0.021,0.008,0.006,0.02,2007,X70
1274,0.013888889,0.5,36,72600,90700,39.25130029,0.044,1.75,0.003,0.01,0.082,0.285,0.076,2013,X70
1287,0.0146,0.438,30,81000,89500,38.62461329,0.106,1.44,0.007,0.011,0.009,0.008,0.017,2007,X70
1279,0.0125,0.25,20,75000,90500,37.29441744,0.036,1.66,0.004,0.009,0.122,0.24,0.067,2006,X70
1292,0.010047619,0.422,42,85000,94000,34.0564486,0.046,1.7,0.005,0.013,0.064,0.175,0.043,2008,X70
1282,0.0125,0.25,20,78500,89500,23.47737713,0.036,1.66,0.004,0.009,0.122,0.24,0.067,2006,X70
1273,0.017666667,0.53,30,72000,91000,38.38401613,0.068,0.156,0.002,0.014,0.034,0.009,0.068,2015,X70
1295,0.0125,0.25,20,87000,95500,21.69857095,0.047,1.7,0.002,0.011,0.118,0.234,0.074,2006,X70
1272,0.013888889,0.5,36,72000,89000,29.99729504,0.036,1.56,0.001,0.009,0.086,0.26,0.067,2013,X70
1297,0.014423077,0.375,26,87500,103100,23.62913533,0.064,1.61,0.001,0.008,0.117,0.239,0.072,2016,X70
1298,0.011933333,0.358,30,88000,100000,30.06977527,0.052,1.58,0.003,0.013,0.139,0.299,0.073,2001,X70
1290,0.020625,0.495,24,82995,92531,23.9917583,0.036,1.56,0.003,0.011,0.089,0.25,0.064,2017,X70
1285,0.013888889,0.5,36,80000,93800,34.86961298,0.042,1.75,0.003,0.009,0.089,0.218,0.066,2013,X70
