ID,OD_WT_Ratio,Pipe_WT,Pipe_OD,Yield_Strength,Tensile_Strength,Pipe_Vintage,C,Mn,Nb,Pipe_Grade
1,0.058823529,0.75,12.75,48800,65500,1954,0.234,0.618,0.001,3
2,0.053960784,0.688,12.75,48000,69000,1966,0.248,0.599,0.003,2
3,0.014880952,0.625,42,78500,97500,2008,0.056,1.57,0.075,8
4,0.026041667,0.625,24,70000,81500,1997,0.076,1.29,0.036,7
5,0.034722222,0.625,18,68500,88000,1996,0.075,1.47,0.042,7
6,0.033125,0.53,16,46100,74000,1960,0.213,0.984,0.001,3
7,0.013888889,0.5,36,72000,89000,2013,0.036,1.56,0.067,8
8,0.013888889,0.5,36,72600,90700,2013,0.044,1.75,0.076,8
9,0.013888889,0.5,36,74400,88900,2013,0.032,1.56,0.068,8
10,0.013888889,0.5,36,74925,92500,2013,0.045,1.74,0.071,8
11,0.013888889,0.5,36,76000,94800,2013,0.046,1.74,0.077,8
12,0.013888889,0.5,36,79600,93300,2013,0.047,1.55,0.082,8
13,0.013888889,0.5,36,80000,93800,2013,0.042,1.75,0.066,8
14,0.013888889,0.5,36,80400,96000,2013,0.038,1.54,0.079,8
15,0.022727273,0.5,22,47500,76200,1949,0.252,0.825,0.001,3
16,0.022727273,0.5,22,48200,76500,1949,0.287,0.833,0.001,3
17,0.022727273,0.5,22,48300,76500,1949,0.276,0.831,0.001,3
18,0.022727273,0.5,22,51000,79000,1949,0.261,0.838,0.001,3
19,0.025,0.5,20,37400,64500,1955,0.255,0.631,0.001,2
20,0.025,0.5,20,46200,69000,1952,0.239,0.814,0.002,3
21,0.027777778,0.5,18,80000,111000,1976,0.307,1.05,0.001,3
22,0.039215686,0.5,12.75,44100,72500,1991,0.216,0.653,0.001,2
23,0.039215686,0.5,12.75,44700,72500,1991,0.202,0.655,0.001,2
24,0.039215686,0.5,12.75,45600,73000,1991,0.216,0.655,0.002,2
25,0.046511628,0.5,10.75,62500,77000,2002,0.135,1.24,0.033,7
26,0.046511628,0.5,10.75,71500,75700,2012,0.056,1,0.016,5
27,0.046511628,0.5,10.75,73000,79000,2012,0.059,0.99,0.014,5
28,0.057971014,0.5,8.625,54000,74000,2005,0.198,1.07,0.001,3
29,0.057971014,0.5,8.625,59000,75500,2005,0.185,1.07,0.001,3
30,0.009625,0.462,48,77000,81600,1972,0.104,1.33,0.001,7
31,0.012166667,0.438,36,63500,84500,1970,0.209,1.3,0.041,6
32,0.012166667,0.438,36,63500,84500,1970,0.209,1.27,0.04,6
33,0.0146,0.438,30,73500,90000,2007,0.116,1.38,0.02,8
34,0.0146,0.438,30,73500,89500,2007,0.121,1.37,0.021,8
35,0.0146,0.438,30,77500,109000,1969,0.244,1.37,0.035,6
36,0.0146,0.438,30,81000,89500,2007,0.106,1.44,0.017,8
37,0.027375,0.438,16,38000,62000,1953,0.194,0.534,0.001,2
38,0.027375,0.438,16,38500,64000,1951,0.205,0.429,0.001,2
39,0.027375,0.438,16,40400,64500,1953,0.254,0.563,0.001,2
40,0.027375,0.438,16,40500,66000,1953,0.259,0.562,0.001,2
41,0.027375,0.438,16,40900,63000,1951,0.196,0.423,0.001,2
42,0.027375,0.438,16,42200,63500,1951,0.218,0.392,0.001,2
43,0.027375,0.438,16,42300,68500,1951,0.319,0.515,0.001,2
44,0.027375,0.438,16,43000,66500,1951,0.271,0.459,0.001,2
45,0.0143,0.429,30,82500,96500,2011,0.065,1.59,0.049,8
46,0.010047619,0.422,42,85000,94000,2008,0.046,1.7,0.043,8
47,0.008458333,0.406,48,58800,80900,1973,0.19,1.37,0,5
48,0.016916667,0.406,24,63300,85900,1962,0.23,1.11,0,6
49,0.035813953,0.385,10.75,69000,77000,2012,0.036,1.1,0.033,5
50,0.035813953,0.385,10.75,72000,79500,2012,0.036,1.1,0.033,5
51,0.010416667,0.375,36,65500,91000,1971,0.156,1.43,0.043,7
52,0.010416667,0.375,36,68000,89500,1971,0.161,1.43,0.045,7
53,0.010416667,0.375,36,69500,93500,1971,0.167,1.44,0.045,7
54,0.010416667,0.375,36,70500,90000,1971,0.167,1.44,0.045,7
55,0.010416667,0.375,36,70500,87000,1971,0.161,1.43,0.045,7
56,0.010416667,0.375,36,73750,96500,1968,0.26,1.37,0.015,7
57,0.010416667,0.375,36,74000,96500,1968,0.26,1.37,0.015,7
58,0.010416667,0.375,36,74500,90000,1971,0.156,1.43,0.043,7
59,0.0125,0.375,30,43200,79500,1957,0.272,1.1,0.003,5
60,0.0125,0.375,30,45700,80500,1957,0.272,1.1,0.003,5
61,0.0125,0.375,30,52000,80000,1957,0.243,1.06,0.003,5
62,0.0125,0.375,30,53000,79000,1957,0.252,1.12,0.003,5
63,0.0125,0.375,30,53000,79500,1957,0.252,1.12,0.003,5
64,0.0125,0.375,30,55800,82600,1952,0.24,0.98,0.003,5
65,0.0125,0.375,30,55800,82600,1952,0.27,1.08,0.003,5
66,0.0125,0.375,30,56600,82500,1952,0.24,0.98,0.003,5
67,0.0125,0.375,30,56600,82500,1952,0.27,1.08,0.003,5
68,0.0125,0.375,30,57500,81000,1957,0.243,1.06,0.003,5
69,0.014423077,0.375,26,69000,92700,1968,0.27,1.18,0.009,6
70,0.014423077,0.375,26,71000,98500,1968,0.27,1.18,0.009,6
71,0.014423077,0.375,26,87500,103100,2016,0.064,1.61,0.072,8
72,0.015625,0.375,24,35100,51500,1948,0.042,0.32,0.002,1
73,0.015625,0.375,24,36300,56000,1948,0.099,0.49,0.001,1
74,0.015625,0.375,24,37000,53500,1948,0.064,0.38,0.001,1
75,0.015625,0.375,24,37400,56000,1948,0.099,0.49,0.001,1
76,0.015625,0.375,24,41700,52500,1948,0.064,0.38,0.001,1
77,0.015625,0.375,24,54000,79000,1952,0.265,1.01,0.001,5
78,0.015625,0.375,24,60500,80500,1959,0.29,1.15,0.003,5
79,0.015625,0.375,24,62500,87000,1952,0.289,1.2,0.001,5
80,0.015625,0.375,24,63000,85000,1959,0.23,1.16,0.002,5
81,0.015625,0.375,24,66000,93500,1952,0.272,1.15,0.001,5
82,0.015625,0.375,24,67000,84000,1959,0.31,1.15,0.003,5
83,0.015625,0.375,24,71500,94000,2011,0.055,1.62,0.042,7
84,0.015625,0.375,24,75500,91000,2011,0.059,1.67,0.044,7
85,0.015625,0.375,24,78200,85100,1952,0.275,1.11,0.001,5
86,0.015625,0.375,24,81000,84700,1952,0.264,1.01,0.001,5
87,0.015625,0.375,24,84000,96000,2011,0.062,1.68,0.045,7
88,0.015625,0.375,24,85000,89500,1952,0.27,1.14,0.001,5
89,0.017045455,0.375,22,49600,82500,1952,0.267,0.78,0.002,4
90,0.01875,0.375,20,78500,84000,2015,0.074,1.36,0.04,7
91,0.01875,0.375,20,80500,95000,2015,0.074,1.36,0.04,7
92,0.0234375,0.375,16,42500,68000,1951,0.239,0.7,0.001,3
93,0.0234375,0.375,16,43500,70000,1962,0.283,0.673,0.001,3
94,0.0234375,0.375,16,43500,67500,1951,0.239,0.7,0.001,3
95,0.0234375,0.375,16,43800,70500,1951,0.338,0.74,0.001,3
96,0.0234375,0.375,16,44800,71000,1951,0.338,0.74,0.001,3
97,0.0234375,0.375,16,45000,78500,1951,0.285,0.82,0.001,3
98,0.0234375,0.375,16,46300,71000,1951,0.279,0.74,0.001,3
99,0.0234375,0.375,16,46700,76500,1951,0.259,1.05,0.001,3
100,0.0234375,0.375,16,46800,78500,1951,0.285,0.82,0.001,3
101,0.0234375,0.375,16,46800,71500,1951,0.279,0.74,0.001,3
102,0.0234375,0.375,16,47600,78000,1951,0.267,0.82,0.001,3
103,0.0234375,0.375,16,48300,78500,1951,0.267,0.82,0.001,3
104,0.0234375,0.375,16,48500,79000,1951,0.277,1.09,0.002,3
105,0.0234375,0.375,16,48600,68000,2008,0.163,1.02,0.001,3
106,0.0234375,0.375,16,48800,78000,1951,0.259,1.05,0.001,3
107,0.0234375,0.375,16,49300,79000,1951,0.277,1.09,0.002,3
108,0.0234375,0.375,16,49800,68500,2008,0.151,1.03,0.001,3
109,0.0234375,0.375,16,50000,74500,1951,0.24,1.04,0.001,3
110,0.0234375,0.375,16,50000,79000,1951,0.251,1.04,0.001,3
111,0.0234375,0.375,16,51000,80500,1951,0.251,1.04,0.001,3
112,0.0234375,0.375,16,53000,75500,1951,0.24,1.04,0.001,3
113,0.0234375,0.375,16,57700,70500,1999,0.06,0.969,0.02,3
114,0.0234375,0.375,16,58500,70000,1999,0.056,0.956,0.022,3
115,0.0234375,0.375,16,59500,71000,1999,0.056,0.956,0.022,3
116,0.0234375,0.375,16,68000,72000,1999,0.06,0.969,0.02,3
117,0.026785714,0.375,14,43700,73500,1951,0.284,0.916,0.002,3
118,0.026785714,0.375,14,43800,74000,1951,0.285,0.916,0.002,3
119,0.026785714,0.375,14,43800,78000,1951,0.285,0.916,0.002,3
120,0.026785714,0.375,14,44200,77000,1951,0.2,0.52,0,2
121,0.026785714,0.375,14,47700,76500,1951,0.285,0.904,0.002,3
122,0.026785714,0.375,14,47900,77500,1951,0.284,0.904,0.003,3
123,0.026785714,0.375,14,48200,77500,1951,0.284,0.916,0.002,3
124,0.026785714,0.375,14,48400,77000,1951,0.285,0.904,0.002,3
125,0.026785714,0.375,14,48700,79000,1951,0.286,0.913,0.002,3
126,0.026785714,0.375,14,49000,77000,1951,0.285,0.911,0.002,3
127,0.026785714,0.375,14,49000,77000,1951,0.285,0.911,0.002,3
128,0.026785714,0.375,14,49000,80000,1951,0.284,0.904,0.003,3
129,0.026785714,0.375,14,50500,79000,1951,0.286,0.913,0.002,3
130,0.026785714,0.375,14,51500,79000,1951,0.283,0.912,0.002,3
131,0.029411765,0.375,12.75,53000,67000,1984,0.28,0.55,0.001,2
132,0.029411765,0.375,12.75,54500,86000,1988,0.281,0.648,0.002,5
133,0.029411765,0.375,12.75,61500,71500,2001,0.043,1.16,0.035,5
134,0.029411765,0.375,12.75,62500,73500,2001,0.04,1.17,0.036,5
135,0.0375,0.375,10,47700,70000,1948,0.228,0.542,0.001,2
136,0.043478261,0.375,8.625,52500,63000,1957,0.177,0.805,0.001,3
137,0.043478261,0.375,8.625,55500,61500,1957,0.177,0.805,0.001,3
138,0.043478261,0.375,8.625,57000,74500,1964,0.227,0.69,0.001,2
139,0.043478261,0.375,8.625,60000,74500,1964,0.227,0.69,0.001,2
140,0.043478261,0.375,8.625,66000,82000,1964,0.227,0.69,0.001,2
141,0.056603774,0.375,6.625,45100,71500,1979,0.245,0.542,0.001,3
142,0.033953488,0.365,10.75,34900,53000,1930,0.08,0.413,0.003,2
143,0.033953488,0.365,10.75,36600,52500,1927,0.086,0.405,0.001,1
144,0.033953488,0.365,10.75,39100,55500,1927,0.105,0.427,0.001,1
145,0.033953488,0.365,10.75,40000,66000,1968,0.21,0.751,0.001,2
146,0.011933333,0.358,30,88000,100000,2001,0.052,1.58,0.073,8
147,0.0179,0.358,20,54500,87000,1949,0.26,1.2,0.002,5
148,0.0179,0.358,20,57000,87500,1949,0.26,1.2,0.002,5
149,0.03255814,0.35,10.75,61000,93000,1970,0.243,1.03,0.002,6
150,0.0086,0.344,40,75500,90000,1978,0.197,1.12,0.037,6
151,0.014333333,0.344,24,64000,91000,1972,0.183,1.41,0.001,5
152,0.015636364,0.344,22,42100,72000,1949,0.22,0.498,0.001,2
153,0.015636364,0.344,22,47000,73000,1949,0.22,0.498,0.001,2
154,0.015636364,0.344,22,51500,75000,1949,0.292,0.851,0.002,4
155,0.015636364,0.344,22,52500,76500,1949,0.234,0.699,0.002,4
156,0.015636364,0.344,22,53000,79500,1949,0.29,0.951,0.002,4
157,0.015636364,0.344,22,55000,80500,1949,0.268,0.816,0.002,4
158,0.015636364,0.344,22,59500,82000,1952,0.266,1.04,0.003,5
159,0.0172,0.344,20,55800,81000,1952,0.25,1.1,0,5
160,0.0172,0.344,20,57000,76000,1952,0.27,1.1,0.001,5
161,0.0172,0.344,20,61000,84000,1952,0.266,1.06,0.001,5
162,0.0172,0.344,20,64000,80500,1962,0.227,1.03,0.001,6
163,0.0172,0.344,20,69500,79000,1952,0.23,0.93,0,5
164,0.032,0.344,10.75,41900,70000,1934,0.259,0.463,0.002,2
165,0.032,0.344,10.75,42700,69000,1934,0.271,0.463,0.002,2
166,0.032,0.344,10.75,46600,72500,1934,0.268,0.438,0.002,2
167,0.032,0.344,10.75,49500,62000,1948,0.202,0.461,0.001,2
168,0.032,0.344,10.75,51000,65500,1948,0.261,0.549,0.003,2
169,0.032,0.344,10.75,52000,66000,1948,0.243,0.485,0.002,2
170,0.032,0.344,10.75,52500,66000,1948,0.207,0.64,0.006,2
171,0.074888889,0.337,4.5,40300,69500,1958,0.235,0.498,0.001,2
172,0.074888889,0.337,4.5,48500,67500,1960,0.227,0.78,0.003,2
173,0.025882353,0.33,12.75,42800,63500,1939,0.24,0.57,0,3
174,0.025882353,0.33,12.75,43000,71000,1939,0.24,0.57,0,3
175,0.025882353,0.33,12.75,44200,74500,1939,0.24,0.57,0,3
176,0.025882353,0.33,12.75,45100,63500,1939,0.24,0.57,0,3
177,0.025882353,0.33,12.75,46000,73000,1939,0.24,0.57,0,3
178,0.025882353,0.33,12.75,46800,71000,1939,0.24,0.57,0,3
179,0.025882353,0.33,12.75,46800,69500,1939,0.24,0.57,0,3
180,0.025882353,0.33,12.75,48100,74000,1939,0.24,0.57,0,3
181,0.025882353,0.33,12.75,48100,74000,1939,0.24,0.57,0,3
182,0.025882353,0.33,12.75,48900,73500,1939,0.24,0.57,0,3
183,0.037333333,0.322,8.625,33200,57500,1964,0.126,0.521,0.001,2
184,0.037333333,0.322,8.625,33600,45200,1905,0.032,0.109,0,2
185,0.037333333,0.322,8.625,36100,49000,1943,0.037,0.361,0.002,1
186,0.037333333,0.322,8.625,37000,55500,1957,0.051,0.483,0.001,1
187,0.037333333,0.322,8.625,37500,54000,1905,0.119,0.448,0.001,2
188,0.037333333,0.322,8.625,38100,49500,1948,0.082,0.453,0.001,2
189,0.037333333,0.322,8.625,38200,60000,1957,0.03,0.332,0.001,1
190,0.037333333,0.322,8.625,38300,55000,1943,0.036,0.374,0.002,1
191,0.037333333,0.322,8.625,38400,63500,1946,0.216,0.435,0.001,2
192,0.037333333,0.322,8.625,38600,64500,1955,0.295,0.442,0.001,2
193,0.037333333,0.322,8.625,38600,64500,1955,0.295,0.442,0.001,2
194,0.037333333,0.322,8.625,40000,64000,1964,0.164,0.559,0.001,2
195,0.037333333,0.322,8.625,40400,55000,1905,0.089,0.4,0.001,2
196,0.037333333,0.322,8.625,42400,64500,1939,0.203,0.588,0.001,2
197,0.037333333,0.322,8.625,48900,72000,2002,0.186,0.562,0.001,3
198,0.037333333,0.322,8.625,50600,65000,1957,0.182,0.636,0.001,2
199,0.037333333,0.322,8.625,51000,63000,1957,0.215,0.639,0.001,2
200,0.037333333,0.322,8.625,52500,66200,1957,0.213,0.636,0.001,2
201,0.037333333,0.322,8.625,53500,71000,1970,0.246,0.745,0.001,2
202,0.037333333,0.322,8.625,55000,67500,1952,0.25,0.724,0.002,3
203,0.037333333,0.322,8.625,56000,66000,1952,0.216,0.689,0.002,3
204,0.037333333,0.322,8.625,56500,65500,1952,0.218,0.719,0.002,3
205,0.037333333,0.322,8.625,58000,67500,1952,0.227,0.696,0.002,3
206,0.037333333,0.322,8.625,61500,69000,2002,0.046,0.974,0.012,3
207,0.037333333,0.322,8.625,62500,69500,2002,0.047,0.983,0.013,3
208,0.0200625,0.321,16,64500,82000,2009,0.136,0.632,0.028,5
209,0.036521739,0.315,8.625,32796,50860,1953,0.199,0.573,0.002,1
210,0.012019231,0.3125,26,64500,82000,1951,0.23,1.03,0,5
211,0.009176471,0.312,34,61100,84300,1967,0.28,1.19,0,5
212,0.00975,0.312,32,56500,78000,1961,0.202,1,0.002,5
213,0.0104,0.312,30,46200,62800,1953,0.087,0.48,0,5
214,0.0104,0.312,30,56800,82100,1969,0.243,1.29,0.001,5
215,0.0104,0.312,30,57700,83200,1969,0.195,1.25,0.001,5
216,0.0104,0.312,30,61500,80700,1969,0.202,1.15,0.001,5
217,0.0104,0.312,30,66300,93500,1969,0.207,1.34,0.001,5
218,0.012,0.312,26,62000,82550,1951,0.25,0.91,0.003,5
219,0.012,0.312,26,66500,85500,1951,0.243,1.11,0.001,5
220,0.012,0.312,26,67000,85500,1951,0.261,0.99,0.001,5
221,0.012,0.312,26,73000,90500,1969,0.22,1.09,0.025,6
222,0.013,0.312,24,57000,80500,1948,0.239,1.005,0.001,5
223,0.013,0.312,24,59000,84500,1948,0.309,1.15,0.001,5
224,0.013,0.312,24,61000,82500,1948,0.246,1.175,0.001,5
225,0.013,0.312,24,62500,84000,1948,0.246,1.01,0.001,5
226,0.013,0.312,24,63000,87500,1948,0.244,1.205,0.001,5
227,0.013,0.312,24,63500,87000,1948,0.285,1.12,0.001,5
228,0.014181818,0.312,22,41500,71000,1949,0.232,0.486,0.002,2
229,0.014181818,0.312,22,48300,74000,1949,0.232,0.486,0.002,2
230,0.014181818,0.312,22,51500,72000,1949,0.233,0.74,0.001,4
231,0.014181818,0.312,22,52000,75000,1949,0.246,0.773,0.002,4
232,0.014181818,0.312,22,55500,80000,1949,0.262,0.857,0.003,4
233,0.0156,0.312,20,37800,61000,1929,0.039,0.37,0.002,1
234,0.0156,0.312,20,38300,60000,1929,0.044,0.35,0.002,1
235,0.0156,0.312,20,46500,62000,1947,0.241,0.59,0.002,3
236,0.0156,0.312,20,46600,68500,1971,0.165,1.06,0.001,2
237,0.0156,0.312,20,46800,77000,1953,0.317,0.659,0.002,3
238,0.0156,0.312,20,48900,70500,1950,0.259,0.841,0.003,4
239,0.0156,0.312,20,49000,68500,1950,0.248,0.928,0.001,4
240,0.0156,0.312,20,51000,73500,1950,0.246,0.86,0.003,4
241,0.0156,0.312,20,53000,73500,1987,0.224,0.09,0.001,2
242,0.0156,0.312,20,53000,75500,1976,0.165,1.06,0.001,3
243,0.0156,0.312,20,56500,83000,2003,0.226,1.11,0.001,3
244,0.0156,0.312,20,60500,78000,1971,0.225,0.94,0.018,2
245,0.0156,0.312,20,71300,89400,1994,0.069,0.99,0.051,7
246,0.0156,0.312,20,85500,99500,2013,0.055,1.47,0.085,8
247,0.0156,0.312,20,86000,96000,2013,0.055,1.47,0.085,8
248,0.017333333,0.312,18,55900,68650,1970,0.21,1.02,0.021,5
249,0.017333333,0.312,18,56500,67500,1970,0.2,1.1,0.021,5
250,0.017333333,0.312,18,63500,78000,1969,0.199,1.1,0.006,5
251,0.0192,0.312,16.25,55500,71500,1974,0.233,0.78,0.002,5
252,0.0195,0.312,16,48500,60500,1959,0.24,0.72,0,3
253,0.0195,0.312,16,49000,73500,1976,0.227,1.03,0.001,3
254,0.0195,0.312,16,49700,77000,1979,0.302,1.07,0.001,2
255,0.0195,0.312,16,49750,68000,2002,0.162,1.06,0.001,3
256,0.0195,0.312,16,56000,76000,1965,0.237,0.802,0.001,4
257,0.0195,0.312,16,59900,74500,1953,0.29,0.88,0,3
258,0.0195,0.312,16,60500,69500,1959,0.24,0.72,0,3
259,0.024470588,0.312,12.75,49100,76000,1950,0.31,0.92,0.002,3
260,0.024470588,0.312,12.75,50500,66500,1949,0.23,0.49,0.001,2
261,0.024470588,0.312,12.75,51000,75000,1950,0.29,0.891,0.003,3
262,0.024470588,0.312,12.75,54500,69000,1949,0.23,0.49,0.001,2
263,0.024470588,0.312,12.75,55500,77500,1950,0.332,1.01,0.003,3
264,0.024470588,0.312,12.75,57000,87000,1960,0.28,1.08,0.001,3
265,0.024470588,0.312,12.75,58100,81500,1950,0.285,0.96,0.003,3
266,0.024470588,0.312,12.75,64000,74000,1949,0.23,0.49,0.001,2
267,0.024470588,0.312,12.75,69500,81000,2014,0.061,1.04,0.029,5
268,0.024470588,0.312,12.75,71000,94500,1967,0.194,0.73,0.003,6
269,0.024470588,0.312,12.75,73500,87500,1999,0.064,1.32,0.036,7
270,0.024470588,0.312,12.75,77000,83500,2000,0.071,1.21,0.039,7
271,0.036173913,0.312,8.625,36800,65500,1946,0.212,0.434,0.001,2
272,0.036173913,0.312,8.625,45700,67500,1946,0.252,0.428,0.001,2
273,0.036173913,0.312,8.625,52000,64500,1973,0.186,0.7,0.001,3
274,0.036173913,0.312,8.625,60000,75500,1971,0.247,0.796,0.001,3
275,0.036173913,0.312,8.625,61000,74500,1971,0.204,0.792,0.001,3
276,0.036173913,0.312,8.625,70000,86000,1973,0.193,1.19,0.041,3
277,0.04709434,0.312,6.625,46400,53500,1955,0.045,0.415,0.002,1
278,0.04709434,0.312,6.625,47700,54500,1955,0.056,0.44,0.002,1
279,0.01925,0.308,16,57000,66500,1967,0.132,1.14,0.018,5
280,0.02855814,0.307,10.75,45600,73000,1929,0.192,0.896,0.001,2
281,0.02855814,0.307,10.75,48200,78500,1929,0.218,0.927,0.001,2
282,0.02855814,0.307,10.75,48700,76000,1930,0.227,0.795,0.001,2
283,0.02855814,0.307,10.75,54500,79500,1953,0.15,0.68,0.001,4
284,0.02855814,0.307,10.75,55500,71000,1959,0.15,0.588,0.001,2
285,0.02855814,0.307,10.75,57500,69000,1959,0.15,0.588,0.001,2
286,0.02855814,0.307,10.75,56500,71500,1951,0.244,0.844,0.001,3
287,0.02855814,0.307,10.75,56500,73000,1951,0.257,0.835,0.001,3
288,0.02855814,0.307,10.75,63000,75000,1951,0.257,0.835,0.001,3
289,0.02855814,0.307,10.75,63000,76000,1951,0.244,0.844,0.001,3
290,0.02855814,0.307,10.75,81500,99500,1967,0.228,0.981,0.001,6
291,0.02855814,0.307,10.75,84000,102000,1967,0.223,0.97,0.001,6
292,0.0307,0.307,10,45800,70500,1953,0.24,0.73,0,3
293,0.024,0.306,12.75,63000,78000,1972,0.213,1.25,0.031,6
294,0.024,0.306,12.75,63000,78000,1972,0.213,1.25,0.031,6
295,0.024,0.306,12.75,63500,80000,1972,0.223,1.32,0.028,6
296,0.024,0.306,12.75,63500,80000,1972,0.223,1.32,0.028,6
297,0.024,0.306,12.75,65500,81500,1972,0.205,1.28,0.033,6
298,0.024,0.306,12.75,65500,81500,1972,0.205,1.28,0.033,6
299,0.013636364,0.3,22,51500,84000,1949,0.276,1.15,0.001,5
300,0.045283019,0.3,6.625,47000,58000,1938,0.108,0.384,0.001,2
301,0.045283019,0.3,6.625,54000,59500,1938,0.108,0.384,0.001,2
302,0.043169811,0.286,6.625,39100,64000,1947,0.185,0.462,0.001,2
303,0.043169811,0.286,6.625,41800,64000,1947,0.186,0.437,0.001,2
304,0.0176875,0.283,16,68000,80000,1999,0.045,1.3,0.056,7
305,0.007805556,0.281,36,54000,78500,1952,0.22,0.7,0.008,5
306,0.008264706,0.281,34,54000,83200,1967,0.23,0.121,0,5
307,0.008264706,0.281,34,56500,80000,1967,0.25,1.31,0,5
308,0.008264706,0.281,34,61000,86300,1967,0.24,1.09,0,5
309,0.008264706,0.281,34,61500,79500,1967,0.247,1.05,0.002,5
310,0.009366667,0.281,30,52200,84500,1953,0.27,1.12,0,5
311,0.009366667,0.281,30,59000,79500,1953,0.23,1,0,5
312,0.009366667,0.281,30,60500,77500,1976,0.222,1.03,0.003,5
313,0.010035714,0.281,28,55000,74500,1971,0.199,1.072,0.006,5
314,0.010035714,0.281,28,58000,76500,1970,0.2,1.19,0.003,5
315,0.010035714,0.281,28,61000,81000,1970,0.21,1.29,0.003,5
316,0.010035714,0.281,28,63000,78000,1970,0.203,1.085,0.005,5
317,0.010807692,0.281,26,53500,76000,1957,0.23,0.93,0,5
318,0.010807692,0.281,26,54500,76000,1954,0.255,1.049,0.003,5
319,0.010807692,0.281,26,62000,89000,1949,0.29,1.04,0,5
320,0.010807692,0.281,26,66500,92500,1968,0.251,1.36,0.016,6
321,0.010807692,0.281,26,72000,101000,1968,0.244,1.34,0.015,6
322,0.010807692,0.281,26,73000,81000,1956,0.29,1,0,5
323,0.011708333,0.281,24,52600,72250,1958,0.24,1.09,0.004,5
324,0.011708333,0.281,24,56500,79000,1952,0.261,0.948,0.003,5
325,0.011708333,0.281,24,58000,78500,1952,0.269,1.07,0.004,5
326,0.011708333,0.281,24,59000,81500,1960,0.257,1.1,0.001,5
327,0.011708333,0.281,24,59500,79500,1952,0.243,1.01,0.003,5
328,0.011708333,0.281,24,60000,82500,1960,0.263,1.11,0.001,5
329,0.011708333,0.281,24,60300,78100,1952,0.278,0.982,0.002,5
330,0.011708333,0.281,24,62500,83000,1952,0.269,1.07,0.004,5
331,0.011708333,0.281,24,64500,88000,1952,0.264,0.976,0.003,5
332,0.011708333,0.281,24,67000,90000,1964,0.198,1.3,0.012,6
333,0.011708333,0.281,24,68000,85500,1960,0.25,1.1,0.001,5
334,0.011708333,0.281,24,72000,91000,1992,0.07,1.41,0.041,7
335,0.012772727,0.281,22,58500,82500,1952,0.262,0.968,0.003,5
336,0.01405,0.281,20,42100,64500,1958,0.271,0.441,0.001,2
337,0.015611111,0.281,18,53500,75500,1950,0.29,0.71,0,5
338,0.016902256,0.281,16.625,55000,87500,1954,0.248,1.21,0.002,5
339,0.0175625,0.281,16,47000,70000,1953,0.255,0.59,0.001,3
340,0.0175625,0.281,16,48400,71000,1953,0.255,0.59,0.001,3
341,0.0175625,0.281,16,50600,79800,1954,0.252,1.24,0.002,5
342,0.0175625,0.281,16,57000,69000,1955,0.223,0.835,0.002,5
343,0.0175625,0.281,16,58200,71000,1955,0.23,0.9,0.002,5
344,0.0175625,0.281,16,63500,82500,1955,0.234,0.816,0.002,5
345,0.0175625,0.281,16,64500,87500,1975,0.247,1.13,0.02,6
346,0.0175625,0.281,16,69000,88000,1975,0.238,1.15,0.024,6
347,0.0175625,0.281,16,72000,96500,1975,0.247,1.37,0.027,6
348,0.020071429,0.281,14,53000,69500,1964,0.219,0.866,0.002,3
349,0.020071429,0.281,14,55000,79000,1966,0.246,1.09,0.001,5
350,0.020071429,0.281,14,59700,88100,1965,0.274,1.09,0.001,5
351,0.020071429,0.281,14,62000,85600,1965,0.24,1.19,0.001,5
352,0.022039216,0.281,12.75,37900,66000,1950,0.26,0.77,0.0002,3
353,0.022039216,0.281,12.75,48650,69100,1953,0.27,0.54,0,2
354,0.022039216,0.281,12.75,62000,84000,1967,0.214,1.15,0.034,6
355,0.026139535,0.281,10.75,55400,75600,1956,0.25,0.84,0.002,3
356,0.03257971,0.281,8.625,39700,64500,1930,0.078,0.406,0.001,2
357,0.03257971,0.281,8.625,46500,66000,1930,0.064,0.386,0.001,2
358,0.03257971,0.281,8.625,49700,66500,1930,0.243,0.816,0.001,2
359,0.03257971,0.281,8.625,50500,79000,1930,0.084,0.391,0.001,2
360,0.042415094,0.281,6.625,45600,68000,2001,0.133,1.04,0.001,3
361,0.0175,0.28,16,56500,72500,1954,0.249,0.856,0.002,5
362,0.026352941,0.28,10.625,51500,76000,1950,0.245,1.01,0.002,3
363,0.026352941,0.28,10.625,54000,77000,1950,0.259,0.76,0.002,3
364,0.042264151,0.28,6.625,42700,59000,1977,0.221,0.898,0.001,2
365,0.042264151,0.28,6.625,47600,63000,1932,0.119,0.468,0.001,2
366,0.042264151,0.28,6.625,53000,66000,1952,0.267,0.689,0.001,2
367,0.042264151,0.28,6.625,54500,65500,1985,0.159,0.855,0.001,2
368,0.042264151,0.28,6.625,60000,67000,1993,0.066,0.622,0.013,3
369,0.042264151,0.28,6.625,67500,72000,2013,0.086,0.958,0.017,5
370,0.025953488,0.279,10.75,39200,60000,1930,0.164,0.513,0.001,2
371,0.025953488,0.279,10.75,43500,79500,1953,0.29,0.85,0.002,4
372,0.025953488,0.279,10.75,51000,83500,1953,0.29,0.91,0.002,4
373,0.025953488,0.279,10.75,54000,75500,1958,0.26,0.88,0.002,4
374,0.025953488,0.279,10.75,58000,71500,1948,0.255,0.553,0.004,2
375,0.032115942,0.277,8.625,31300,54000,1929,0.143,0.481,0.001,2
376,0.032115942,0.277,8.625,31800,53500,1929,0.143,0.449,0.001,2
377,0.032115942,0.277,8.625,33500,55000,1929,0.144,0.447,0.001,2
378,0.032115942,0.277,8.625,34400,56000,1929,0.141,0.448,0.001,2
379,0.032115942,0.277,8.625,39900,63000,1950,0.145,0.946,0,2
380,0.032115942,0.277,8.625,43500,66500,1951,0.255,0.65,0.001,2
381,0.032115942,0.277,8.625,43900,69000,1971,0.208,0.64,0.001,3
382,0.032115942,0.277,8.625,47100,55000,1933,0.123,0.459,0.001,2
383,0.032115942,0.277,8.625,48300,76500,1952,0.178,1.16,0.001,2
384,0.032115942,0.277,8.625,49100,71500,1952,0.181,0.471,0.001,2
385,0.032115942,0.277,8.625,53000,77500,1952,0.16,1.16,0.001,2
386,0.031304348,0.27,8.625,36000,59000,1942,0.059,0.359,0.001,2
387,0.020784314,0.265,12.75,51500,68500,1953,0.142,0.68,0.001,5
388,0.020784314,0.265,12.75,53000,68000,1953,0.142,0.68,0.001,5
389,0.02,0.255,12.75,60500,84500,1970,0.227,1.2,0.023,6
390,0.010416667,0.25,24,42200,61500,1970,0.215,0.47,0.001,2
391,0.010416667,0.25,24,52900,74200,1948,0.23,0.75,0,5
392,0.010416667,0.25,24,55500,83500,1967,0.307,1.2,0.004,5
393,0.010416667,0.25,24,57500,78500,1953,0.23,0.79,0,5
394,0.010416667,0.25,24,58000,77000,1948,0.22,0.82,0,5
395,0.010416667,0.25,24,58000,79000,1948,0.27,0.73,0,5
396,0.010416667,0.25,24,59000,78000,1948,0.23,0.76,0,5
397,0.010416667,0.25,24,59000,83000,1948,0.24,0.89,0,5
398,0.010416667,0.25,24,60000,79500,1953,0.25,0.77,0.002,5
399,0.010416667,0.25,24,60500,82500,1953,0.3,0.93,0.002,5
400,0.010416667,0.25,24,62500,82500,1952,0.24,0.8,0.002,5
401,0.010416667,0.25,24,64700,82200,1952,0.25,0.75,0,5
402,0.010416667,0.25,24,65000,85000,1948,0.27,0.82,0,5
403,0.010416667,0.25,24,65000,89500,1968,0.245,1.31,0.014,6
404,0.010416667,0.25,24,66000,78700,1948,0.27,0.9,0,5
405,0.010416667,0.25,24,67000,93500,1968,0.245,1.31,0.014,6
406,0.010416667,0.25,24,70500,92000,1963,0.247,1.29,0.018,6
407,0.010416667,0.25,24,72500,92000,1968,0.204,1.28,0.026,6
408,0.010416667,0.25,24,74000,90500,1968,0.204,1.28,0.026,6
409,0.011363636,0.25,22,61000,89000,1949,0.27,1.06,0.004,5
410,0.011363636,0.25,22,63000,89000,1949,0.28,1.01,0.004,5
411,0.011363636,0.25,22,63000,89000,1949,0.27,1.06,0.004,5
412,0.011363636,0.25,22,65000,91000,1949,0.28,1.01,0.004,5
413,0.0125,0.25,20,45900,62500,1974,0.22,0.76,0.002,2
414,0.0125,0.25,20,49700,65000,1974,0.22,0.76,0.002,2
415,0.0125,0.25,20,51500,66500,1974,0.22,0.76,0.002,2
416,0.0125,0.25,20,53500,68500,1969,0.278,0.841,0.002,2
417,0.0125,0.25,20,54500,79500,1949,0.269,0.981,0.002,5
418,0.0125,0.25,20,57400,78500,1967,0.156,1.07,0.024,5
419,0.0125,0.25,20,58100,82700,1967,0.242,1.16,0.001,5
420,0.0125,0.25,20,63300,80900,1967,0.157,1.07,0.023,5
421,0.0125,0.25,20,63500,82500,1975,0.224,1.18,0.027,6
422,0.0125,0.25,20,63500,87000,1973,0.245,1.24,0.019,5
423,0.0125,0.25,20,69500,82000,1968,0.22,1.1,0.014,6
424,0.0125,0.25,20,71000,95000,2006,0.047,1.7,0.074,8
425,0.0125,0.25,20,75000,90500,2006,0.036,1.66,0.067,8
426,0.0125,0.25,20,78500,89500,2006,0.036,1.66,0.067,8
427,0.0125,0.25,20,87000,95500,2006,0.047,1.7,0.074,8
428,0.013888889,0.25,18,45600,69000,1978,0.281,1.22,0.002,5
429,0.013888889,0.25,18,52500,80500,1943,0.338,0.517,0.001,3
430,0.013888889,0.25,18,55000,73500,1960,0.173,0.95,0.001,5
431,0.013888889,0.25,18,57500,77500,1960,0.188,0.919,0.001,5
432,0.015625,0.25,16,39100,55500,1953,0.059,0.334,0.001,2
433,0.015625,0.25,16,39800,61500,1940,0.132,0.451,0.001,2
434,0.015625,0.25,16,47400,71000,1960,0.25,0.69,0.002,3
435,0.015625,0.25,16,48200,71500,1964,0.187,1.27,0.003,4
436,0.015625,0.25,16,48800,60000,1953,0.059,0.334,0.001,2
437,0.015625,0.25,16,49600,69500,1964,0.191,1.29,0.003,4
438,0.015625,0.25,16,52000,66000,1959,0.213,0.67,0.001,3
439,0.015625,0.25,16,53000,73000,1954,0.25,0.77,0.002,5
440,0.015625,0.25,16,53000,86500,1954,0.231,1.16,0.001,5
441,0.015625,0.25,16,53500,70000,1940,0.142,0.68,0.001,2
442,0.015625,0.25,16,54000,68000,1960,0.177,0.47,0.002,5
443,0.015625,0.25,16,55000,73000,1954,0.27,0.86,0.002,5
444,0.015625,0.25,16,55000,81000,1972,0.258,1.19,0.019,5
445,0.015625,0.25,16,55500,71500,1961,0.247,0.848,0.004,5
446,0.015625,0.25,16,56000,76000,1954,0.27,0.89,0.002,5
447,0.015625,0.25,16,56000,79500,1960,0.307,1.09,0.002,5
448,0.015625,0.25,16,57000,71500,1959,0.207,0.67,0.001,3
449,0.015625,0.25,16,57000,70500,1959,0.243,0.71,0.001,3
450,0.015625,0.25,16,57500,78000,1972,0.232,1.15,0.016,5
451,0.015625,0.25,16,58000,72500,1973,0.186,1.1,0.025,5
452,0.015625,0.25,16,58000,72500,1954,0.225,0.85,0.001,5
453,0.015625,0.25,16,58500,78500,1963,0.249,0.785,0.001,4
454,0.015625,0.25,16,58500,72000,1954,0.25,0.92,0.001,5
455,0.015625,0.25,16,59000,86500,1961,0.274,1.23,0.003,5
456,0.015625,0.25,16,60000,85000,1961,0.288,1.18,0.003,5
457,0.015625,0.25,16,61000,85500,1961,0.268,1.17,0.003,5
458,0.015625,0.25,16,61500,82000,1961,0.306,1.02,0.001,5
459,0.015625,0.25,16,61500,81500,1961,0.314,1.05,0.002,5
460,0.015625,0.25,16,61500,88500,1961,0.266,1.17,0.004,5
461,0.015625,0.25,16,62500,93000,1961,0.279,1.15,0.004,5
462,0.015625,0.25,16,63000,87500,1961,0.275,1.25,0.004,5
463,0.015625,0.25,16,63500,83000,1969,0.25,1.05,0.001,5
464,0.015625,0.25,16,66000,90500,1966,0.253,1.23,0.001,5
465,0.015625,0.25,16,70500,83000,1993,0.065,1.16,0.04,6
466,0.015625,0.25,16,73500,88000,1977,0.055,1.05,0.063,6
467,0.015625,0.25,16,78500,91000,2013,0.051,1.59,0.08,8
468,0.015625,0.25,16,81500,93000,2013,0.048,1.59,0.076,8
469,0.015625,0.25,16,83500,97500,2012,0.048,1.55,0.053,7
470,0.015625,0.25,16,87000,98500,2012,0.042,1.58,0.051,7
471,0.017857143,0.25,14,46800,69500,1950,0.21,0.46,0.003,2
472,0.017857143,0.25,14,60500,80000,1975,0.237,1.33,0.03,6
473,0.017857143,0.25,14,67500,82500,2002,0.051,1.07,0.04,6
474,0.017857143,0.25,14,68000,84500,1981,0.058,1.03,0.056,7
475,0.017857143,0.25,14,70000,86000,1981,0.053,1.05,0.06,7
476,0.017857143,0.25,14,70000,86000,1981,0.055,1.06,0.06,7
477,0.017857143,0.25,14,72000,82500,1981,0.05,1.01,0.055,7
478,0.017857143,0.25,14,73000,82000,2002,0.054,1.08,0.041,6
479,0.017857143,0.25,14,75500,87000,1981,0.064,1.03,0.063,7
480,0.017857143,0.25,14,77000,86500,2002,0.054,1.08,0.041,6
481,0.017857143,0.25,14,78000,83000,2002,0.051,1.07,0.04,6
482,0.019607843,0.25,12.75,38500,46800,1962,0.052,0.363,0.001,1
483,0.019607843,0.25,12.75,40400,53200,1962,0.075,0.405,0.001,1
484,0.019607843,0.25,12.75,40800,67400,2007,0.224,1.15,0.001,5
485,0.019607843,0.25,12.75,42400,66500,1957,0.222,0.766,0.001,3
486,0.019607843,0.25,12.75,46100,62500,1958,0.16,0.66,0.002,4
487,0.019607843,0.25,12.75,46500,72000,1954,0.243,0.789,0.001,3
488,0.019607843,0.25,12.75,46600,71500,1971,0.207,0.627,0.003,3
489,0.019607843,0.25,12.75,47200,66500,1958,0.215,0.656,0.001,4
490,0.019607843,0.25,12.75,47500,77000,1963,0.306,1.3,0.001,5
491,0.019607843,0.25,12.75,47600,69500,1958,0.25,0.83,0.002,4
492,0.019607843,0.25,12.75,47700,72500,2000,0.188,0.936,0.001,3
493,0.019607843,0.25,12.75,47900,66000,1950,0.26,0.79,0.003,3
494,0.019607843,0.25,12.75,48700,80000,1963,0.306,1.3,0.001,5
495,0.019607843,0.25,12.75,49100,63500,1958,0.246,0.895,0.001,4
496,0.019607843,0.25,12.75,49200,68500,1958,0.234,0.68,0.001,4
497,0.019607843,0.25,12.75,49300,75500,1954,0.237,0.785,0.001,3
498,0.019607843,0.25,12.75,49400,69000,1958,0.23,0.68,0.002,4
499,0.019607843,0.25,12.75,49800,70500,1958,0.26,0.69,0.001,4
500,0.019607843,0.25,12.75,49900,65000,1958,0.165,0.689,0.003,4
501,0.019607843,0.25,12.75,49900,68000,1958,0.219,0.678,0.001,4
502,0.019607843,0.25,12.75,50000,69500,1958,0.228,0.605,0.001,4
503,0.019607843,0.25,12.75,50000,72000,1954,0.208,0.766,0.001,3
504,0.019607843,0.25,12.75,50500,66000,1950,0.27,0.78,0.002,3
505,0.019607843,0.25,12.75,50500,64500,1958,0.178,0.68,0.001,4
506,0.019607843,0.25,12.75,51000,68000,1954,0.216,0.432,0.001,3
507,0.019607843,0.25,12.75,51500,71500,1958,0.22,0.71,0.002,4
508,0.019607843,0.25,12.75,51500,68000,1958,0.21,0.64,0.001,4
509,0.019607843,0.25,12.75,51500,66000,1968,0.172,1.19,0.021,5
510,0.019607843,0.25,12.75,51500,75500,1954,0.318,0.852,0.001,3
511,0.019607843,0.25,12.75,51900,78700,1962,0.14,0.88,0,5
512,0.019607843,0.25,12.75,52000,69000,1958,0.252,0.801,0.001,4
513,0.019607843,0.25,12.75,52000,67500,1958,0.241,0.659,0.001,4
514,0.019607843,0.25,12.75,52500,72000,1957,0.231,0.84,0.001,3
515,0.019607843,0.25,12.75,52700,79000,1962,0.14,0.88,0,5
516,0.019607843,0.25,12.75,53000,71000,1958,0.26,0.709,0.001,4
517,0.019607843,0.25,12.75,53500,73000,1958,0.32,0.78,0.002,4
518,0.019607843,0.25,12.75,53500,71000,1958,0.22,0.63,0.002,4
519,0.019607843,0.25,12.75,53500,71500,1958,0.185,0.645,0.001,4
520,0.019607843,0.25,12.75,53500,64000,1968,0.17,0.987,0,5
521,0.019607843,0.25,12.75,54000,74500,1959,0.19,0.75,0.002,4
522,0.019607843,0.25,12.75,54000,72000,1958,0.27,0.83,0.002,4
523,0.019607843,0.25,12.75,54000,70500,1958,0.205,0.641,0.001,4
524,0.019607843,0.25,12.75,54000,69500,1958,0.238,0.748,0.001,4
525,0.019607843,0.25,12.75,54000,71000,1958,0.197,0.712,0.001,4
526,0.019607843,0.25,12.75,54000,71000,1958,0.231,0.732,0.001,4
527,0.019607843,0.25,12.75,54500,70000,1958,0.25,0.57,0.002,4
528,0.019607843,0.25,12.75,54500,69500,1958,0.249,0.71,0.002,4
529,0.019607843,0.25,12.75,54500,68500,1958,0.241,0.736,0.001,4
530,0.019607843,0.25,12.75,55000,80500,1958,0.28,0.872,0.001,4
531,0.019607843,0.25,12.75,55000,68000,1954,0.215,0.604,0.001,3
532,0.019607843,0.25,12.75,55500,75500,1957,0.249,1.05,0.002,3
533,0.019607843,0.25,12.75,55500,74500,1958,0.219,0.677,0.001,4
534,0.019607843,0.25,12.75,55500,71000,1958,0.173,0.652,0.001,4
535,0.019607843,0.25,12.75,55500,74500,1954,0.237,0.621,0.001,3
536,0.019607843,0.25,12.75,56000,73500,1958,0.26,0.76,0.002,4
537,0.019607843,0.25,12.75,56000,76500,1958,0.268,0.773,0.001,4
538,0.019607843,0.25,12.75,56500,74500,1958,0.216,0.559,0.004,4
539,0.019607843,0.25,12.75,57000,72500,1958,0.253,0.784,0.003,4
540,0.019607843,0.25,12.75,57000,76500,1958,0.293,0.905,0.001,4
541,0.019607843,0.25,12.75,57000,77500,1941,0.237,0.59,0.001,2
542,0.019607843,0.25,12.75,57000,79000,1961,0.267,1.17,0.001,5
543,0.019607843,0.25,12.75,58000,74000,1954,0.234,0.96,0.002,5
544,0.019607843,0.25,12.75,58275,82850,1985,0.218,1.01,0.001,3
545,0.019607843,0.25,12.75,58500,77000,1961,0.256,1.15,0.001,5
546,0.019607843,0.25,12.75,58500,81000,1961,0.255,1.17,0.001,5
547,0.019607843,0.25,12.75,59000,77000,1954,0.267,0.86,0.001,5
548,0.019607843,0.25,12.75,59500,84500,1961,0.256,1.16,0.001,5
549,0.019607843,0.25,12.75,60000,79000,1958,0.29,0.81,0.002,4
550,0.019607843,0.25,12.75,60000,76000,1958,0.267,0.917,0.002,5
551,0.019607843,0.25,12.75,60000,76000,1951,0.205,0.686,0.001,3
552,0.019607843,0.25,12.75,60000,74500,1958,0.219,0.677,0.001,4
553,0.019607843,0.25,12.75,61000,84000,1961,0.27,1.19,0.002,5
554,0.019607843,0.25,12.75,61000,84500,1961,0.271,1.08,0.001,5
555,0.019607843,0.25,12.75,67000,81000,1961,0.253,1.25,0.001,5
556,0.019607843,0.25,12.75,61000,84500,1961,0.266,1.19,0.001,5
557,0.019607843,0.25,12.75,62000,84000,1961,0.205,1.37,0.001,5
558,0.019607843,0.25,12.75,63000,85000,1961,0.271,1.14,0.002,5
559,0.019607843,0.25,12.75,63000,73500,1958,0.241,0.736,0.001,4
560,0.019607843,0.25,12.75,63500,90500,1961,0.275,1.15,0.002,5
561,0.019607843,0.25,12.75,63500,87500,1961,0.269,1.15,0.002,5
562,0.019607843,0.25,12.75,63500,89500,1961,0.278,1.21,0.001,5
563,0.019607843,0.25,12.75,64000,88500,1961,0.301,1.38,0.002,5
564,0.019607843,0.25,12.75,64000,88000,1961,0.249,1.14,0.001,5
565,0.019607843,0.25,12.75,64000,90500,1961,0.286,1.25,0.001,5
566,0.019607843,0.25,12.75,64500,89500,1961,0.304,1.21,0.002,5
567,0.019607843,0.25,12.75,64500,89000,1961,0.27,1.13,0.002,5
568,0.019607843,0.25,12.75,64500,84500,1961,0.282,1.15,0.001,5
569,0.019607843,0.25,12.75,65000,79000,1973,0.201,0.737,0.028,5
570,0.019607843,0.25,12.75,65000,84500,1961,0.249,1.11,0.001,5
571,0.019607843,0.25,12.75,66500,95500,1961,0.278,1.15,0.002,5
572,0.019607843,0.25,12.75,68500,75000,1954,0.216,0.432,0.001,3
573,0.019607843,0.25,12.75,72500,91000,1971,0.204,0.729,0.03,5
574,0.023255814,0.25,10.75,41100,62000,1939,0.165,0.433,0.001,2
575,0.023255814,0.25,10.75,42800,71500,1930,0.299,0.53,0.002,2
576,0.023255814,0.25,10.75,44300,68000,1946,0.206,0.583,0.001,2
577,0.023255814,0.25,10.75,44500,65500,1956,0.228,0.541,0.002,2
578,0.023255814,0.25,10.75,45900,57700,1954,0.14,0.55,0,3
579,0.023255814,0.25,10.75,49000,77000,1952,0.24,0.6,0.002,4
580,0.023255814,0.25,10.75,49700,68500,1948,0.236,0.466,0.002,2
581,0.023255814,0.25,10.75,50500,60500,1954,0.24,0.566,0.001,3
582,0.023255814,0.25,10.75,51500,68000,1948,0.222,0.542,0.001,2
583,0.023255814,0.25,10.75,52500,72000,1954,0.215,0.734,0.002,3
584,0.023255814,0.25,10.75,52500,68000,1948,0.196,0.458,0.001,2
585,0.023255814,0.25,10.75,54000,67000,1954,0.177,0.616,0.002,3
586,0.023255814,0.25,10.75,54000,69000,1954,0.219,0.769,0.001,4
587,0.023255814,0.25,10.75,55500,77500,1954,0.216,0.933,0.002,4
588,0.023255814,0.25,10.75,57000,74000,1955,0.212,0.839,0.001,4
589,0.023255814,0.25,10.75,60000,73500,1948,0.222,0.542,0.001,2
590,0.023255814,0.25,10.75,61500,86000,1961,0.246,1.03,0.002,5
591,0.023255814,0.25,10.75,62000,81500,1953,0.28,0.71,0.002,4
592,0.023255814,0.25,10.75,63500,86500,1960,0.209,1.14,0.003,5
593,0.023255814,0.25,10.75,63500,86500,1960,0.209,1.14,0.003,5
594,0.023255814,0.25,10.75,63500,77500,1955,0.212,0.839,0.001,4
595,0.028985507,0.25,8.625,35200,48400,1952,0.055,0.4,0.001,2
596,0.028985507,0.25,8.625,42800,72500,1952,0.25,0.84,0.001,2
597,0.028985507,0.25,8.625,43500,79500,1952,0.284,0.92,0.002,2
598,0.028985507,0.25,8.625,47300,64000,1952,0.238,0.76,0.001,2
599,0.028985507,0.25,8.625,47700,67500,1980,0.164,0.79,0.001,3
600,0.028985507,0.25,8.625,48200,76500,1952,0.282,0.92,0.001,2
601,0.028985507,0.25,8.625,48400,64500,1956,0.24,0.54,0,3
602,0.028985507,0.25,8.625,48400,60000,1958,0.198,0.797,0.001,4
603,0.028985507,0.25,8.625,51500,72600,1956,0.25,0.6,0,3
604,0.028985507,0.25,8.625,52000,71000,1969,0.174,0.693,0.002,5
605,0.028985507,0.25,8.625,54000,72000,1969,0.177,0.694,0.001,5
606,0.028985507,0.25,8.625,55000,69500,1954,0.183,0.374,0.001,2
607,0.028985507,0.25,8.625,58000,69000,1969,0.235,0.98,0.001,5
608,0.028985507,0.25,8.625,59000,69000,1960,0.176,0.888,0.001,3
609,0.028985507,0.25,8.625,59000,79500,1968,0.259,0.84,0.001,5
610,0.028985507,0.25,8.625,60000,76000,1957,0.275,0.85,0.002,3
611,0.028985507,0.25,8.625,61000,77000,1962,0.239,0.879,0.003,3
612,0.028985507,0.25,8.625,61500,74000,1968,0.244,0.754,0.003,3
613,0.028985507,0.25,8.625,61500,81000,1968,0.268,0.691,0.001,5
614,0.037735849,0.25,6.625,43100,69500,1948,0.221,0.805,0.001,3
615,0.037735849,0.25,6.625,43300,70500,1948,0.221,0.805,0.001,3
616,0.037735849,0.25,6.625,44800,65500,1956,0.19,0.49,0.001,2
617,0.037735849,0.25,6.625,46400,68000,1956,0.19,0.49,0.001,2
618,0.037735849,0.25,6.625,47700,72500,1970,0.046,0.825,0.017,2
619,0.037735849,0.25,6.625,47900,74500,1955,0.231,0.49,0.001,2
620,0.037735849,0.25,6.625,48900,74000,1941,0.246,0.353,0.001,2
621,0.037735849,0.25,6.625,49300,73500,1955,0.192,0.451,0.001,2
622,0.037735849,0.25,6.625,49800,73500,1977,0.191,0.592,0.002,3
623,0.037735849,0.25,6.625,52000,83000,1962,0.253,0.871,0.002,3
624,0.037735849,0.25,6.625,52000,74000,1955,0.248,0.388,0.001,2
625,0.037735849,0.25,6.625,53000,77000,1955,0.235,0.451,0.001,2
626,0.037735849,0.25,6.625,53500,81000,1977,0.233,0.721,0.003,3
627,0.037735849,0.25,6.625,54500,76000,1955,0.23,0.475,0.001,2
628,0.037735849,0.25,6.625,54500,62500,1955,0.173,0.814,0.001,2
629,0.037735849,0.25,6.625,56000,77500,1955,0.232,0.518,0.001,2
630,0.037735849,0.25,6.625,56500,66500,1969,0.196,0.722,0.001,2
631,0.037735849,0.25,6.625,57500,74500,1969,0.206,0.796,0.002,5
632,0.037735849,0.25,6.625,60000,74000,1973,0.14,0.71,0.001,5
633,0.037735849,0.25,6.625,68000,81000,1950,0.132,0.628,0.001,5
634,0.037735849,0.25,6.625,72000,82000,1981,0.234,0.565,0.001,3
635,0.053111111,0.239,4.5,66500,92000,2015,0.212,1.13,0.001,5
636,0.052666667,0.237,4.5,36500,57500,1951,0.073,0.413,0.001,1
637,0.052666667,0.237,4.5,36700,69500,1984,0.247,0.74,0.001,2
638,0.052666667,0.237,4.5,42400,73500,1984,0.24,0.71,0.001,2
639,0.052666667,0.237,4.5,47800,66500,1950,0.049,0.408,0.001,1
640,0.052666667,0.237,4.5,54000,63500,1968,0.221,0.634,0.001,3
641,0.052666667,0.237,4.5,72000,75500,1997,0.064,0.859,0.024,3
642,0.0115,0.23,20,56500,84500,1968,0.268,1.12,0.001,5
643,0.0115,0.23,20,57000,74000,1968,0.27,1.06,0,5
644,0.0115,0.23,20,57500,76500,1968,0.252,1.17,0.001,5
645,0.0115,0.23,20,59500,79000,1968,0.252,1.17,0.001,5
646,0.0115,0.23,20,60100,82000,1968,0.28,1.08,0.002,5
647,0.0115,0.23,20,60500,82000,1968,0.248,1.16,0.001,5
648,0.0115,0.23,20,63500,83500,1968,0.268,1.12,0.001,5
649,0.0115,0.23,20,66500,91000,1968,0.236,1.22,0.029,5
650,0.0115,0.23,20,67500,88000,1968,0.248,1.16,0.001,5
651,0.0115,0.23,20,68000,88500,1968,0.236,1.22,0.029,5
652,0.01095,0.219,20,59500,78000,1968,0.308,1.11,0.001,5
653,0.01095,0.219,20,64000,81500,1968,0.249,1.08,0.002,5
654,0.01095,0.219,20,67000,91500,1968,0.258,1.06,0.019,5
655,0.01095,0.219,20,68000,91500,1968,0.235,1.08,0.001,5
656,0.01095,0.219,20,69000,93000,1968,0.266,1.21,0.001,5
657,0.01095,0.219,20,69000,93000,1968,0.266,1.21,0.001,5
658,0.01095,0.219,20,71500,94000,1968,0.258,1.15,0.001,5
659,0.012166667,0.219,18,60000,82000,1962,0.262,1.16,0.001,5
660,0.0136875,0.219,16,52500,71500,1971,0.209,0.816,0.001,3
661,0.0136875,0.219,16,58500,85000,1961,0.3,1.14,0.001,5
662,0.017176471,0.219,12.75,51000,72000,1962,0.207,0.859,0.001,3
663,0.017176471,0.219,12.75,54500,70000,1969,0.199,1.04,0.014,5
664,0.017176471,0.219,12.75,55500,73500,1962,0.28,1.07,0,5
665,0.017176471,0.219,12.75,57000,72500,1962,0.251,0.967,0.001,5
666,0.017176471,0.219,12.75,57000,72500,1962,0.243,0.968,0.001,5
667,0.017176471,0.219,12.75,57000,72000,1962,0.243,0.968,0.001,5
668,0.017176471,0.219,12.75,57500,72500,1962,0.251,0.967,0.001,5
669,0.017176471,0.219,12.75,59000,73500,1962,0.246,0.952,0.001,5
670,0.017176471,0.219,12.75,60500,77000,1962,0.264,0.908,0.001,5
671,0.017176471,0.219,12.75,61500,84000,1962,0.32,1.1,0,5
672,0.017176471,0.219,12.75,61500,81500,1962,0.18,1.17,0.001,5
673,0.017176471,0.219,12.75,61500,73000,1962,0.243,0.968,0.001,5
674,0.017176471,0.219,12.75,63500,80000,1962,0.25,0.942,0.001,5
675,0.017176471,0.219,12.75,67000,93000,1962,0.32,1,0.029,5
676,0.017176471,0.219,12.75,67000,80500,1962,0.251,0.967,0.001,5
677,0.017176471,0.219,12.75,68500,82000,1980,0.058,1.02,0.061,7
678,0.017176471,0.219,12.75,70000,90500,1981,0.093,1.56,0.05,7
679,0.017176471,0.219,12.75,73500,90000,1981,0.11,1.5,0.054,7
680,0.017176471,0.219,12.75,74500,86500,1987,0.06,1.12,0.054,6
681,0.020372093,0.219,10.75,47900,58000,1957,0.19,0.616,0.002,4
682,0.020372093,0.219,10.75,49200,60000,1957,0.143,0.592,0.003,4
683,0.020372093,0.219,10.75,50500,66500,1950,0.261,0.765,0.001,2
684,0.020372093,0.219,10.75,51000,69500,1957,0.241,0.823,0.002,4
685,0.020372093,0.219,10.75,51000,66500,1952,0.218,0.591,0.001,2
686,0.020372093,0.219,10.75,52500,75000,1957,0.266,0.879,0.003,4
687,0.020372093,0.219,10.75,52500,65500,1957,0.165,0.799,0.003,4
688,0.020372093,0.219,10.75,52500,61500,1958,0.168,0.671,0.001,3
689,0.020372093,0.219,10.75,54000,73000,1965,0.237,0.592,0.001,3
690,0.020372093,0.219,10.75,54000,73500,1965,0.237,0.595,0.001,3
691,0.020372093,0.219,10.75,59500,78000,1958,0.22,0.88,0.001,3
692,0.020372093,0.219,10.75,59600,85600,1961,0.246,1.03,0.002,5
693,0.020372093,0.219,10.75,59600,91500,1961,0.272,1.07,0.002,5
694,0.020372093,0.219,10.75,60500,84000,1961,0.266,1.13,0.001,5
695,0.020372093,0.219,10.75,61000,93500,1961,0.324,1.06,0.001,5
696,0.020372093,0.219,10.75,61500,86000,1961,0.288,1.06,0.001,5
697,0.020372093,0.219,10.75,61500,93500,1961,0.311,1.18,0.002,5
698,0.020372093,0.219,10.75,62000,73500,1957,0.284,0.823,0.002,4
699,0.020372093,0.219,10.75,62000,87000,1961,0.285,1.18,0.001,5
700,0.020372093,0.219,10.75,63000,91000,1961,0.281,1.26,0.001,5
701,0.020372093,0.219,10.75,64500,96500,1961,0.321,1.08,0.001,5
702,0.020372093,0.219,10.75,65000,94500,1961,0.271,1.14,0.001,5
703,0.020372093,0.219,10.75,65000,91500,1961,0.284,1.11,0.001,5
704,0.020372093,0.219,10.75,65500,95000,1961,0.283,1.05,0.002,5
705,0.020372093,0.219,10.75,65900,99400,1961,0.299,1.16,0.002,5
706,0.020372093,0.219,10.75,66000,91500,1961,0.286,1.18,0.001,5
707,0.020372093,0.219,10.75,66200,96300,1961,0.281,1.07,0.002,5
708,0.020372093,0.219,10.75,66500,93500,1961,0.287,1.16,0.001,5
709,0.020372093,0.219,10.75,66500,91500,1961,0.279,1.1,0.001,5
710,0.020372093,0.219,10.75,67500,93000,1961,0.25,1.14,0.001,5
711,0.025391304,0.219,8.625,33400,51000,1953,0.149,0.617,0.001,2
712,0.025391304,0.219,8.625,34300,52500,1953,0.149,0.617,0.001,2
713,0.025391304,0.219,8.625,34800,52500,1953,0.149,0.617,0.001,2
714,0.025391304,0.219,8.625,51500,67000,1989,0.211,0.679,0.002,3
715,0.025391304,0.219,8.625,54000,71500,1960,0.226,0.58,0.001,3
716,0.025391304,0.219,8.625,54250,72500,1960,0.32,0.92,0,5
717,0.025391304,0.219,8.625,54500,72000,1946,0.231,0.44,0.002,2
718,0.025391304,0.219,8.625,54500,69000,1979,0.118,0.486,0.035,5
719,0.025391304,0.219,8.625,55000,65500,1982,0.2,1,0.002,5
720,0.025391304,0.219,8.625,55500,75000,1960,0.24,1.06,0.002,5
721,0.025391304,0.219,8.625,56000,71500,1973,0.241,0.893,0.001,2
722,0.025391304,0.219,8.625,57000,68000,1979,0.14,0.462,0.032,5
723,0.025391304,0.219,8.625,59000,68000,1982,0.2,1,0.002,5
724,0.025391304,0.219,8.625,60000,82300,1960,0.199,1.1,0.001,5
725,0.025391304,0.219,8.625,60500,69500,1969,0.21,0.92,0.002,3
726,0.025391304,0.219,8.625,60500,75500,1963,0.24,0.89,0,4
727,0.025391304,0.219,8.625,61000,75000,1953,0.248,0.732,0.001,4
728,0.025391304,0.219,8.625,62500,74000,1979,0.228,0.72,0.001,3
729,0.025391304,0.219,8.625,63500,86000,1960,0.25,1.25,0.001,5
730,0.025391304,0.219,8.625,65000,87100,1960,0.188,1.08,0.001,5
731,0.025391304,0.219,8.625,67750,93250,1960,0.25,1.09,0,5
732,0.025391304,0.219,8.625,69250,92750,1960,0.29,1.14,0,5
733,0.033056604,0.219,6.625,60000,76764,1993,0.076,0.945,0.002,3
734,0.033056604,0.219,6.625,61500,73000,1960,0.21,0.48,0.001,3
735,0.048666667,0.219,4.5,45800,73500,1981,0.249,0.855,0.001,3
736,0.048666667,0.219,4.5,46700,73500,1981,0.226,0.829,0.001,3
737,0.0126875,0.203,16,56000,72000,1965,0.243,1.22,0.021,6
738,0.0126875,0.203,16,56000,76000,1965,0.257,1.25,0.011,6
739,0.0126875,0.203,16,56500,72000,1965,0.226,1.22,0.019,6
740,0.0126875,0.203,16,57500,75000,1965,0.243,1.22,0.021,6
741,0.0126875,0.203,16,57500,74500,1965,0.221,1.26,0.018,6
742,0.0126875,0.203,16,58000,73500,1965,0.232,1.26,0.019,6
743,0.0126875,0.203,16,58000,74000,1965,0.232,1.26,0.019,6
744,0.0126875,0.203,16,59500,76000,1965,0.218,1.3,0.023,6
745,0.0126875,0.203,16,60500,79000,1965,0.275,1.41,0.025,6
746,0.0126875,0.203,16,61500,79000,1965,0.24,1.32,0.026,6
747,0.0126875,0.203,16,62000,78500,1965,0.215,1.25,0.019,6
748,0.0126875,0.203,16,62000,78000,1965,0.228,1.24,0.021,6
749,0.0126875,0.203,16,62500,84500,1965,0.259,1.35,0.025,6
750,0.0126875,0.203,16,62500,80000,1965,0.231,1.22,0.02,6
751,0.0126875,0.203,16,62500,82500,1965,0.252,1.34,0.028,6
752,0.0126875,0.203,16,63500,88500,1965,0.262,1.33,0.024,6
753,0.0126875,0.203,16,66000,83000,1965,0.218,1.23,0.018,6
754,0.015921569,0.203,12.75,50000,68000,1966,0.194,0.699,0.002,4
755,0.015921569,0.203,12.75,50000,69500,1966,0.221,0.841,0.001,4
756,0.015921569,0.203,12.75,51500,70000,1965,0.19,0.601,0.003,4
757,0.015921569,0.203,12.75,53000,68000,1964,0.225,1.04,0.012,5
758,0.015921569,0.203,12.75,54500,79500,1966,0.221,0.857,0.001,4
759,0.015921569,0.203,12.75,61500,74000,1965,0.255,1.12,0.014,3
760,0.015921569,0.203,12.75,62000,78500,1969,0.251,1.03,0.017,5
761,0.015921569,0.203,12.75,65000,82500,1969,0.268,1.12,0.016,5
762,0.015921569,0.203,12.75,65500,81000,1969,0.269,1.2,0.01,5
763,0.015921569,0.203,12.75,70000,91500,1969,0.262,1.15,0.014,5
764,0.018883721,0.203,10.75,47300,70000,1959,0.253,0.79,0.001,3
765,0.018883721,0.203,10.75,51500,71000,1955,0.224,0.681,0.001,4
766,0.018883721,0.203,10.75,52000,72000,1968,0.267,1.13,0.002,4
767,0.018883721,0.203,10.75,52000,70000,1957,0.219,0.583,0.001,2
768,0.018883721,0.203,10.75,55500,77000,1967,0.19,1.03,0.002,5
769,0.018883721,0.203,10.75,63500,79500,1965,0.278,0.873,0.001,4
770,0.018883721,0.203,10.75,68700,82300,1967,0.16,0.88,0.024,5
771,0.018883721,0.203,10.75,71600,88100,1967,0.19,0.91,0.025,5
772,0.023536232,0.203,8.625,45000,69000,1946,0.153,0.727,0.001,2
773,0.023536232,0.203,8.625,46700,72500,1975,0.253,0.748,0.002,2
774,0.023536232,0.203,8.625,47600,68500,1970,0.136,0.766,0.001,3
775,0.023536232,0.203,8.625,47700,70000,1969,0.148,0.605,0.001,3
776,0.023536232,0.203,8.625,48700,65000,1946,0.23,0.541,0.002,2
777,0.023536232,0.203,8.625,49600,64000,1946,0.201,0.557,0.002,2
778,0.023536232,0.203,8.625,49700,62800,1946,0.197,0.639,0.004,2
779,0.023536232,0.203,8.625,50000,69500,1964,0.281,0.666,0.003,2
780,0.023536232,0.203,8.625,50500,73000,1970,0.151,0.748,0.001,3
781,0.023536232,0.203,8.625,51000,69000,1954,0.246,0.728,0.001,3
782,0.023536232,0.203,8.625,51500,65000,1954,0.225,0.739,0.001,3
783,0.023536232,0.203,8.625,53000,78500,1962,0.29,0.507,0.002,3
784,0.023536232,0.203,8.625,54000,68500,1964,0.233,0.769,0.001,3
785,0.023536232,0.203,8.625,55000,74500,1964,0.195,0.87,0.001,3
786,0.023536232,0.203,8.625,56000,74000,1961,0.23,1.12,0.013,5
787,0.023536232,0.203,8.625,56000,71500,1963,0.206,0.903,0.001,3
788,0.023536232,0.203,8.625,56000,76500,1946,0.245,0.498,0.001,2
789,0.023536232,0.203,8.625,57000,73500,1963,0.206,0.903,0.001,3
790,0.023536232,0.203,8.625,57500,97000,1975,0.27,0.77,0,2
791,0.023536232,0.203,8.625,58000,74000,1964,0.195,0.87,0.001,3
792,0.023536232,0.203,8.625,58000,74000,1963,0.217,0.924,0.001,3
793,0.023536232,0.203,8.625,58500,75500,1964,0.202,0.952,0.001,3
794,0.023536232,0.203,8.625,59000,76500,1964,0.2,0.991,0.001,3
795,0.023536232,0.203,8.625,62500,79000,1964,0.21,1.01,0.001,3
796,0.023536232,0.203,8.625,63000,87000,1965,0.25,1.07,0.002,5
797,0.023536232,0.203,8.625,63500,88000,1946,0.34,0.858,0.001,2
798,0.023536232,0.203,8.625,63500,81500,1964,0.21,1.01,0.001,3
799,0.023536232,0.203,8.625,67000,79500,1964,0.195,0.87,0.001,3
800,0.023536232,0.203,8.625,67500,81500,1964,0.21,1.01,0.001,3
801,0.025375,0.203,8,68500,94000,1962,0.248,1.11,0.001,5
802,0.025375,0.203,8,76500,98000,1962,0.248,1.11,0.001,5
803,0.030641509,0.203,6.625,45000,63500,1969,0.148,0.502,0.002,3
804,0.030641509,0.203,6.625,45200,64000,1969,0.146,0.502,0.002,3
805,0.022376812,0.193,8.625,45000,51000,1958,0.092,0.381,0.001,1
806,0.014745098,0.188,12.75,48500,69000,1974,0.226,0.961,0.002,3
807,0.014745098,0.188,12.75,58000,74000,1963,0.261,0.936,0.002,5
808,0.017488372,0.188,10.75,44700,62900,1956,0.244,0.708,0,2
809,0.017488372,0.188,10.75,47900,71000,1956,0.21,0.848,0.001,2
810,0.017488372,0.188,10.75,47900,71000,1956,0.21,0.848,0.001,2
811,0.017488372,0.188,10.75,47900,69000,1956,0.199,0.832,0.001,2
812,0.017488372,0.188,10.75,48000,69000,1956,0.231,0.687,0.001,2
813,0.017488372,0.188,10.75,49500,62000,1956,0.217,0.548,0.001,2
814,0.017488372,0.188,10.75,49700,69500,1956,0.261,0.719,0.001,2
815,0.017488372,0.188,10.75,50500,69000,1970,0.153,0.55,0.002,5
816,0.017488372,0.188,10.75,50500,71000,1956,0.159,0.476,0.001,2
817,0.017488372,0.188,10.75,51000,73000,1956,0.241,0.717,0.001,2
818,0.017488372,0.188,10.75,52000,72500,1956,0.237,0.713,0.001,2
819,0.017488372,0.188,10.75,54500,69500,1970,0.192,0.76,0.025,5
820,0.017488372,0.188,10.75,54500,71000,1970,0.191,0.85,0.028,5
821,0.017488372,0.188,10.75,54500,71000,1970,0.173,0.82,0.023,5
822,0.017488372,0.188,10.75,54500,72500,1970,0.196,0.93,0.027,5
823,0.017488372,0.188,10.75,55000,75000,1970,0.185,1.04,0.031,5
824,0.017488372,0.188,10.75,55000,71500,1970,0.195,0.89,0.026,5
825,0.017488372,0.188,10.75,55000,69500,1970,0.158,0.78,0.024,5
826,0.017488372,0.188,10.75,56000,73000,1970,0.192,0.86,0.03,5
827,0.017488372,0.188,10.75,56000,71000,1970,0.157,0.78,0.024,5
828,0.017488372,0.188,10.75,56500,73500,1970,0.167,0.083,0.03,5
829,0.017488372,0.188,10.75,57000,75000,1973,0.206,1.07,0.051,6
830,0.017488372,0.188,10.75,57500,70500,1970,0.169,0.9,0.034,5
831,0.017488372,0.188,10.75,57800,83400,1972,0.259,1.13,0.002,5
832,0.017488372,0.188,10.75,58000,71500,1970,0.173,0.81,0.03,5
833,0.017488372,0.188,10.75,58000,75000,1970,0.195,1,0.029,5
834,0.017488372,0.188,10.75,58000,82000,1973,0.253,1.33,0.001,5
835,0.017488372,0.188,10.75,58500,83000,1972,0.24,1.18,0.004,5
836,0.017488372,0.188,10.75,58500,73500,1970,0.167,0.82,0.03,5
837,0.017488372,0.188,10.75,59000,74500,1970,0.185,0.94,0.025,5
838,0.017488372,0.188,10.75,59000,74500,1970,0.185,0.94,0.025,5
839,0.017488372,0.188,10.75,59500,70500,1970,0.182,0.81,0.03,5
840,0.017488372,0.188,10.75,60500,73500,1970,0.162,0.85,0.029,5
841,0.017488372,0.188,10.75,61000,82000,1970,0.167,1,0.032,5
842,0.017488372,0.188,10.75,61000,88000,1973,0.275,1.42,0.001,5
843,0.017488372,0.188,10.75,61500,79500,1970,0.18,0.931,0.038,5
844,0.017488372,0.188,10.75,61500,80000,1970,0.168,1.03,0.028,5
845,0.017488372,0.188,10.75,61500,81500,1973,0.253,1.33,0.001,5
846,0.017488372,0.188,10.75,62000,78500,1970,0.189,1.03,0.03,5
847,0.017488372,0.188,10.75,62000,79500,1970,0.189,0.94,0.035,5
848,0.017488372,0.188,10.75,62500,83000,1973,0.24,1.12,0.01,5
849,0.017488372,0.188,10.75,63000,77000,1970,0.172,0.78,0.03,5
850,0.017488372,0.188,10.75,63000,86500,1972,0.25,1.22,0.002,5
851,0.017488372,0.188,10.75,69500,86000,1972,0.24,1.18,0.004,5
852,0.017488372,0.188,10.75,69500,79000,1970,0.18,0.931,0.038,5
853,0.0188,0.188,10,40800,60000,1928,0.12,0.54,0,1
854,0.0188,0.188,10,47900,53500,1928,0.1,0.48,0,1
855,0.021797101,0.188,8.625,35500,53000,1928,0.087,0.44,0,1
856,0.021797101,0.188,8.625,49000,66500,1965,0.271,0.99,0.001,2
857,0.021797101,0.188,8.625,50000,73500,1962,0.257,1.04,0.002,5
858,0.021797101,0.188,8.625,51000,72750,1962,0.257,1.04,0.002,5
859,0.021797101,0.188,8.625,51500,75500,1965,0.26,1.07,0.001,2
860,0.021797101,0.188,8.625,51500,71000,1979,0.199,1.33,0.001,3
861,0.021797101,0.188,8.625,52500,72000,1982,0.205,0.869,0.002,3
862,0.021797101,0.188,8.625,52500,74500,1973,0.246,1.14,0.001,2
863,0.021797101,0.188,8.625,53000,70000,1969,0.233,0.858,0.001,3
864,0.021797101,0.188,8.625,53500,66500,1960,0.232,0.79,0.003,3
865,0.021797101,0.188,8.625,53900,74500,1961,0.237,0.97,0.003,5
866,0.021797101,0.188,8.625,54000,72000,1963,0.23,0.83,0.001,3
867,0.021797101,0.188,8.625,54000,65000,1969,0.225,0.8,0.001,3
868,0.021797101,0.188,8.625,54500,74500,1980,0.241,0.893,0.001,5
869,0.021797101,0.188,8.625,55000,65500,1969,0.225,0.8,0.001,3
870,0.021797101,0.188,8.625,56000,78500,1967,0.25,0.824,0.001,5
871,0.021797101,0.188,8.625,57000,77500,1967,0.249,0.82,0.001,5
872,0.021797101,0.188,8.625,57500,68000,1968,0.229,0.83,0.001,5
873,0.021797101,0.188,8.625,58000,77500,1961,0.24,0.99,0.001,5
874,0.021797101,0.188,8.625,58000,75500,1982,0.247,0.838,0.003,3
875,0.021797101,0.188,8.625,58000,75500,1963,0.208,0.747,0.018,5
876,0.021797101,0.188,8.625,58000,70000,1967,0.152,1.11,0.011,5
877,0.021797101,0.188,8.625,58500,66000,1996,0.071,0.995,0.017,5
878,0.021797101,0.188,8.625,58500,78000,1967,0.255,0.82,0.001,5
879,0.021797101,0.188,8.625,59000,74000,1961,0.233,0.98,0.001,5
880,0.021797101,0.188,8.625,59000,80500,1981,0.19,0.726,0.001,5
881,0.021797101,0.188,8.625,59500,80500,1967,0.25,0.822,0.001,5
882,0.021797101,0.188,8.625,59500,74000,1968,0.201,0.7,0.001,5
883,0.021797101,0.188,8.625,60000,88500,1967,0.276,0.851,0.001,5
884,0.021797101,0.188,8.625,60500,83000,1964,0.21,1.07,0,5
885,0.021797101,0.188,8.625,60500,72500,1961,0.227,0.95,0.001,5
886,0.021797101,0.188,8.625,60500,71000,1968,0.228,0.67,0.001,5
887,0.021797101,0.188,8.625,62000,74500,1968,0.221,0.79,0.001,5
888,0.021797101,0.188,8.625,63000,79500,1961,0.234,1.29,0.002,5
889,0.021797101,0.188,8.625,63000,77500,1973,0.246,1.14,0.001,2
890,0.021797101,0.188,8.625,63500,81500,1961,0.271,1.13,0.003,5
891,0.021797101,0.188,8.625,63500,81500,1983,0.159,0.734,0.001,5
892,0.021797101,0.188,8.625,64000,93500,1962,0.28,1.21,0.003,5
893,0.021797101,0.188,8.625,64500,81000,1968,0.188,0.61,0.001,5
894,0.021797101,0.188,8.625,66500,86000,1962,0.269,1.21,0.001,5
895,0.021797101,0.188,8.625,67500,80000,1983,0.159,0.734,0.001,5
896,0.021797101,0.188,8.625,67500,87500,1983,0.13,0.76,0.001,5
897,0.021797101,0.188,8.625,69000,89000,1972,0.239,1.09,0.001,5
898,0.021797101,0.188,8.625,69000,90000,1972,0.242,1.08,0.001,5
899,0.021797101,0.188,8.625,69000,81500,1963,0.208,0.747,0.018,5
900,0.021797101,0.188,8.625,69000,77500,1983,0.13,0.76,0.001,5
901,0.021797101,0.188,8.625,70500,90500,1972,0.26,1.2,0.001,5
902,0.021797101,0.188,8.625,70500,95000,1962,0.272,1.08,0.001,5
903,0.021797101,0.188,8.625,71500,95500,1962,0.275,1.09,0.001,5
904,0.028377358,0.188,6.625,46600,66000,1955,0.262,0.715,0.003,2
905,0.028377358,0.188,6.625,48566,60233,1965,0.24,1.31,0.001,3
906,0.028377358,0.188,6.625,49100,63000,1946,0.184,0.536,0.003,2
907,0.028377358,0.188,6.625,49900,66000,1946,0.186,0.668,0.003,2
908,0.028377358,0.188,6.625,50500,65000,1954,0.261,0.76,0.002,2
909,0.028377358,0.188,6.625,52000,67000,1946,0.177,0.721,0.003,2
910,0.028377358,0.188,6.625,52000,78500,1960,0.249,1.06,0.002,3
911,0.028377358,0.188,6.625,53000,70500,1946,0.253,0.775,0.003,2
912,0.028377358,0.188,6.625,53000,71000,1982,0.248,0.804,0.001,4
913,0.028377358,0.188,6.625,54000,74000,1957,0.197,0.434,0.001,4
914,0.028377358,0.188,6.625,54500,69000,1946,0.15,0.751,0.012,2
915,0.028377358,0.188,6.625,54500,79500,1960,0.245,1.08,0.002,3
916,0.028377358,0.188,6.625,55000,70000,1946,0.216,0.794,0.002,2
917,0.028377358,0.188,6.625,57000,73000,1963,0.271,0.57,0.002,3
918,0.028377358,0.188,6.625,57000,71000,1946,0.149,0.685,0.002,2
919,0.028377358,0.188,6.625,57500,70000,1988,0.198,0.418,0.002,3
920,0.028377358,0.188,6.625,58000,76000,1955,0.262,0.713,0.003,2
921,0.028377358,0.188,6.625,58500,73500,1960,0.22,0.65,0.003,3
922,0.028377358,0.188,6.625,58500,76500,1979,0.197,0.77,0.001,5
923,0.028377358,0.188,6.625,60000,73500,1960,0.219,0.88,0.002,3
924,0.028377358,0.188,6.625,60000,73000,1966,0.177,0.599,0.001,4
925,0.028377358,0.188,6.625,60500,73500,1988,0.198,0.418,0.002,3
926,0.028377358,0.188,6.625,60500,67500,1965,0.185,0.64,0.002,3
927,0.028377358,0.188,6.625,61000,75500,1981,0.176,0.79,0.001,5
928,0.028377358,0.188,6.625,61000,74500,1966,0.19,0.836,0.001,4
929,0.028377358,0.188,6.625,62500,76500,1965,0.247,1.02,0.001,3
930,0.028377358,0.188,6.625,63200,71200,1994,0.133,1.19,0.031,3
931,0.028377358,0.188,6.625,63500,69000,1946,0.193,0.529,0.002,2
932,0.028377358,0.188,6.625,64500,78500,1964,0.244,0.856,0.001,3
933,0.028377358,0.188,6.625,68500,82000,1973,0.17,0.52,0,2
934,0.028377358,0.188,6.625,76500,87500,1973,0.2,0.54,0,2
935,0.031333333,0.188,6,50000,61500,1970,0.162,0.532,0.002,2
936,0.031333333,0.188,6,61500,80500,1960,0.25,0.822,0.001,4
937,0.041777778,0.188,4.5,45800,69500,1975,0.16,0.494,0.001,2
938,0.041777778,0.188,4.5,45800,69500,1970,0.169,0.571,0.001,2
939,0.041777778,0.188,4.5,46300,71000,1970,0.186,0.561,0.002,2
940,0.041777778,0.188,4.5,47100,66500,1989,0.205,0.547,0.001,2
941,0.041777778,0.188,4.5,47700,72500,1970,0.186,0.54,0.002,2
942,0.041777778,0.188,4.5,57500,74000,1965,0.218,0.609,0.001,4
943,0.041777778,0.188,4.5,57500,69000,1965,0.137,0.63,0.001,2
944,0.041777778,0.188,4.5,58000,68500,1969,0.183,0.46,0.001,2
945,0.041777778,0.188,4.5,58500,76500,1976,0.182,0.747,0.001,5
946,0.041777778,0.188,4.5,59500,71500,1972,0.215,0.786,0.002,2
947,0.041777778,0.188,4.5,60500,72500,1962,0.279,0.709,0.001,2
948,0.041777778,0.188,4.5,61000,71000,1965,0.274,0.68,0.001,2
949,0.047,0.188,4,64000,77500,1981,0.217,0.563,0.002,3
950,0.053714286,0.188,3.5,74500,84000,1992,0.196,0.85,0.002,2
951,0.021449275,0.185,8.625,54000,70000,1965,0.276,0.645,0.001,3
952,0.021449275,0.185,8.625,62500,77500,1965,0.269,0.649,0.001,3
953,0.021449275,0.185,8.625,72000,83000,1965,0.269,0.649,0.001,3
954,0.013490196,0.172,12.75,53000,65000,1965,0.222,0.89,0.001,5
955,0.013490196,0.172,12.75,59500,79500,1965,0.273,1.13,0.001,5
956,0.019942029,0.172,8.625,75000,89000,1993,0.059,1.42,0.069,6
957,0.014511628,0.156,10.75,55500,82500,1977,0.254,1.25,0.001,5
958,0.018086957,0.156,8.625,51500,66500,1971,0.258,0.68,0.002,5
959,0.018086957,0.156,8.625,52000,71000,1968,0.22,1.02,0,4
960,0.018086957,0.156,8.625,53500,80000,1968,0.24,1.14,0.003,4
961,0.018086957,0.156,8.625,55500,73000,1962,0.206,1.11,0.001,5
962,0.018086957,0.156,8.625,56000,80500,1966,0.29,1.18,0.003,5
963,0.018086957,0.156,8.625,56000,72500,1971,0.211,0.649,0.001,5
964,0.018086957,0.156,8.625,56500,74000,1962,0.22,1.18,0.001,5
965,0.018086957,0.156,8.625,57000,76000,1962,0.227,1.1,0.001,5
966,0.018086957,0.156,8.625,60000,85000,1965,0.291,1.25,0.001,5
967,0.018086957,0.156,8.625,60500,93000,1965,0.291,1.25,0.001,5
968,0.018086957,0.156,8.625,60500,86000,1962,0.264,1.13,0.001,5
969,0.018086957,0.156,8.625,61500,82000,1968,0.252,0.943,0.002,4
970,0.018086957,0.156,8.625,61500,82500,1969,0.27,1.21,0.02,5
971,0.018086957,0.156,8.625,62000,75500,1969,0.255,1.08,0.018,5
972,0.018086957,0.156,8.625,67000,86000,1962,0.206,1.11,0.001,5
973,0.018086957,0.156,8.625,68500,85000,1962,0.22,1.18,0.001,5
974,0.018086957,0.156,8.625,69500,83000,1985,0.06,1.32,0.088,7
975,0.018086957,0.156,8.625,71500,90500,1962,0.264,1.13,0.001,5
976,0.018086957,0.156,8.625,73000,87000,1962,0.227,1.1,0.001,5
977,0.018086957,0.156,8.625,76500,93500,1985,0.064,1.34,0.092,7
978,0.0195,0.156,8,58500,76000,1973,0.224,0.819,0.001,4
979,0.0195,0.156,8,63500,78500,1973,0.224,0.819,0.001,4
980,0.02354717,0.156,6.625,49200,67500,1961,0.183,0.953,0.001,4
981,0.02354717,0.156,6.625,51500,65000,1959,0.202,0.468,0.001,2
982,0.02354717,0.156,6.625,52500,68000,1965,0.201,0.547,0.001,3
983,0.02354717,0.156,6.625,54000,69500,1963,0.206,0.544,0.002,3
984,0.02354717,0.156,6.625,54500,74000,1970,0.282,0.584,0.001,3
985,0.02354717,0.156,6.625,54500,69000,1964,0.178,0.5,0.001,3
986,0.02354717,0.156,6.625,55000,71500,1964,0.216,0.543,0.001,3
987,0.02354717,0.156,6.625,56000,72500,1964,0.237,0.582,0.002,3
988,0.02354717,0.156,6.625,57500,75000,1979,0.144,0.779,0.014,5
989,0.02354717,0.156,6.625,57500,74500,1964,0.233,0.573,0.001,3
990,0.02354717,0.156,6.625,58000,74500,1964,0.234,0.575,0.002,3
991,0.02354717,0.156,6.625,59000,73000,1961,0.183,0.953,0.001,4
992,0.02354717,0.156,6.625,60500,75500,1962,0.23,0.532,0.003,3
993,0.02354717,0.156,6.625,62000,79000,1968,0.221,0.744,0.003,4
994,0.02354717,0.156,6.625,62500,79000,1968,0.248,0.662,0.001,4
995,0.02354717,0.156,6.625,70500,81000,1972,0.226,0.976,0.001,5
996,0.026,0.156,6,60500,72500,1966,0.216,0.811,0.001,3
997,0.034666667,0.156,4.5,49500,69000,1964,0.288,0.63,0.002,3
998,0.044571429,0.156,3.5,52000,63000,1968,0.268,0.488,0.001,3
999,0.064842105,0.154,2.375,45600,79000,1965,0.251,0.41,0.001,2
1000,0.064842105,0.154,2.375,45600,79000,1965,0.215,0.74,0.001,2
1001,0.021283019,0.141,6.625,68500,79000,1968,0.209,0.964,0.019,5
1002,0.031333333,0.141,4.5,57500,74500,1977,0.238,0.838,0.004,2
1003,0.031333333,0.141,4.5,58500,77000,1977,0.23,0.851,0.004,2
1004,0.019320755,0.128,6.625,70400,89900,1980,0.26,0.7,0.003,5
1005,0.018867925,0.125,6.625,62500,82500,1981,0.187,0.723,0.002,6
1006,0.018867925,0.125,6.625,66000,82000,1983,0.188,0.744,0.001,6
1007,0.018867925,0.125,6.625,68500,87500,1983,0.192,0.827,0.002,6
1008,0.018867925,0.125,6.625,68500,75500,1983,0.197,0.742,0.001,6
1009,0.018867925,0.125,6.625,69200,84200,1983,0.186,0.775,0.001,6
1010,0.018867925,0.125,6.625,70000,77000,1983,0.195,0.745,0.001,6
1011,0.018867925,0.125,6.625,70200,77800,1983,0.18,0.69,0.002,6
1012,0.018867925,0.125,6.625,71700,82100,1983,0.186,0.766,0.002,6
1013,0.018867925,0.125,6.625,73100,89400,1983,0.194,0.761,0.002,6
1014,0.018867925,0.125,6.625,77800,87100,1982,0.18,0.715,0.001,6
1015,0.018867925,0.125,6.625,78000,87000,1982,0.176,0.759,0.002,6
1016,0.018867925,0.125,6.625,78200,87300,1983,0.185,0.725,0.002,6
1017,0.018867925,0.125,6.625,82300,90900,1982,0.181,0.763,0.001,6
1018,0.0135,0.405,30,69800,87800,1976,0.171,0.12,0.022,7
1019,0.017666667,0.53,30,72000,91000,2015,0.068,0.156,0.068,8
1020,0.021797101,0.188,8.625,48900,64300,1960,0.235,0.801,0.001,3
1021,0.043417853,0.375,8.637,50100,61700,1982,0.065,0.882,0.032,5
1022,0.026093007,0.225,8.623,58600,71200,1982,0.09,0.741,0.018,3
1023,0.043478261,0.375,8.625,74500,82600,1982,0.062,0.907,0.035,5
1024,0.025977038,0.224,8.623,60200,73000,1982,0.094,0.753,0.018,3
1025,0.043689883,0.377,8.629,73400,86600,1982,0.061,1.007,0.038,5
1026,0.017488372,0.188,10.75,56800,79200,1970,0.165,0.933,0.034,5
1027,0.017488372,0.188,10.75,62800,78300,1970,0.192,0.927,0.033,5
1028,0.0156,0.312,20,50300,75700,1958,0.256,1.04,0.001,3
1029,0.0156,0.312,20,44400,68900,1958,0.24,0.57,0.001,3
1030,0.032,0.344,10.75,48500,65000,1955,0.208,0.693,0.001,5
1031,0.021797101,0.188,8.625,57500,76700,1962,0.274,0.99,0.001,5
1032,0.065207547,0.432,6.625,50700,80100,1970,0.262,0.813,0.001,2
1033,0.074888889,0.337,4.5,40600,71000,1970,0.19,0.795,0.001,2
1034,0.042264151,0.28,6.625,39400,61000,1970,0.197,0.665,0.001,2
1035,0.052666667,0.237,4.5,42500,65900,1970,0.21,0.655,0.001,2
1036,0.015625,0.25,16,48600,65700,1970,0.209,0.926,0.001,3
1037,0.017488372,0.188,10.75,50000,69100,1963,0.237,0.751,0.001,3
1038,0.019117104,0.207,10.828,71000,82000,1992,0.09,1.15,0.04,6
1039,0.019486516,0.211,10.828,65500,79500,1992,0.084,1.09,0.04,6
1040,0.014127925,0.283,20.03125,68000,84000,1982,0.079,1.01,0.06,6
1041,0.0172,0.344,20,64000,81500,1982,0.066,0.97,0.074,6
1042,0.019607843,0.25,12.75,48600,67400,1954,0.235,0.739,0.001,4
1043,0.019607843,0.25,12.75,50000,65700,1954,0.239,0.768,0.001,4
1044,0.032115942,0.277,8.625,57900,78000,1950,0.122,0.412,0.001,2
1045,0.032115942,0.277,8.625,60700,82300,1950,0.185,0.465,0.001,2
1046,0.041507246,0.358,8.625,69400,74400,1979,0.074,0.946,0.011,5
1047,0.017333333,0.312,18,55500,82000,1949,0.279,0.83,0.001,3
1048,0.017333333,0.312,18,55000,73000,1950,0.254,0.63,0.001,3
1049,0.015615385,0.406,26,60000,81500,1998,0.073,0.87,0.022,5
1050,0.0203,0.406,20,60500,75500,1998,0.057,1.3,0.025,5
1051,0.021797101,0.188,8.625,52000,69500,1970,0.2,0.67,0.001,4
1052,0.028985507,0.25,8.625,51000,62500,1970,0.223,0.6,0.001,3
1053,0.032115942,0.277,8.625,65000,72500,1980,0.107,0.92,0.018,5
1054,0.037333333,0.322,8.625,69000,75000,1980,0.059,1.07,0.02,5
1055,0.032115942,0.277,8.625,62000,70000,1990,0.102,0.92,0.017,5
1056,0.037333333,0.322,8.625,65000,70000,1990,0.047,0.092,0.022,5
1057,0.037333333,0.322,8.625,66000,72000,1990,0.039,1.19,0.033,5
1058,0.037333333,0.322,8.625,68500,76000,1990,0.033,1.15,0.034,5
1059,0.037333333,0.322,8.625,71000,76000,1990,0.051,1.24,0.028,5
1060,0.028985507,0.25,8.625,61500,73500,1990,0.056,1,0.023,5
1061,0.037333333,0.322,8.625,66000,72500,1990,0.073,1.01,0.018,5
1062,0.029019153,0.25,8.615,64800,87800,1947,0.272,0.978,0.001,2
1063,0.029019153,0.25,8.615,66600,88600,1947,0.251,0.827,0.001,2
1064,0.029019153,0.25,8.615,51600,73600,1947,0.228,0.881,0.001,2
1065,0.029019153,0.25,8.615,50600,75000,1947,0.24,0.873,0.001,2
1066,0.019462292,0.312,16.031,57000,73500,1957,0.24,0.763,0.001,4
1067,0.015625,0.25,16,53300,66000,1957,0.228,0.696,0.001,4
1068,0.019462292,0.312,16.031,58500,76000,1957,0.279,0.774,0.001,4
1069,0.015594785,0.25,16.031,48500,65000,1957,0.198,0.714,0.001,4
1070,0.015594785,0.25,16.031,50000,65500,1957,0.214,0.708,0.001,4
1071,0.028627098,0.191,6.672,63000,75500,1954,0.198,0.633,0.001,3
1072,0.028327338,0.189,6.672,59000,71000,1954,0.167,0.668,0.001,3
1073,0.027428058,0.183,6.672,56500,70000,1954,0.209,0.495,0.001,3
1074,0.027043269,0.18,6.656,53500,66000,1954,0.201,0.624,0.001,3
1075,0.028327338,0.189,6.672,55000,67500,1954,0.179,0.686,0.001,3
1076,0.027428058,0.183,6.672,58500,72500,1954,0.164,0.661,0.001,3
1077,0.029156699,0.195,6.688,65500,81500,1954,0.188,0.655,0.001,3
1078,0.028110048,0.188,6.688,59000,69000,1954,0.22,0.499,0.001,3
1079,0.040829839,0.185,4.531,63000,67500,2000,0.05,0.965,0.021,3
1080,0.041050541,0.186,4.531,69500,75500,2000,0.068,0.945,0.012,3
1081,0.023463023,0.158,6.734,54500,66500,1969,0.132,0.896,0.001,5
1082,0.0195,0.312,16,57800,75400,1952,0.259,0.979,0.001,5
1083,0.0195,0.312,16,59800,76600,1952,0.254,0.965,0.001,5
1084,0.046666667,0.28,6,54400,80200,1983,0.226,0.758,0.001,3
1085,0.05925,0.237,4,56200,85100,1983,0.254,0.952,0.001,3
1086,0.024470588,0.312,12.75,46300,73500,1949,0.292,0.685,0.007,3
1087,0.024470588,0.312,12.75,43500,67600,1949,0.273,0.666,0.007,3
1088,0.024470588,0.312,12.75,43700,70400,1949,0.289,0.609,0.007,3
1089,0.022727273,0.5,22,52400,80900,1949,0.235,0.878,0.001,3
1090,0.052666667,0.237,4.5,49000,65100,1954,0.109,0.431,0.001,2
1091,0.052666667,0.237,4.5,44000,63000,1954,0.105,0.401,0.001,2
1092,0.052666667,0.237,4.5,40500,61500,1954,0.141,0.422,0.001,2
1093,0.052666667,0.237,4.5,44100,73500,1990,0.246,0.663,0.001,2
1094,0.052666667,0.237,4.5,46700,65600,1954,0.125,0.468,0.001,2
1095,0.052666667,0.237,4.5,47900,76700,1990,0.246,0.658,0.001,2
1096,0.052666667,0.237,4.5,61700,73800,1990,0.196,0.68,0.001,3
1097,0.024470588,0.312,12.75,55700,67100,1958,0.226,0.489,0.001,2
1098,0.017176471,0.219,12.75,65900,83300,1968,0.168,1.03,0.024,5
1099,0.022285714,0.312,14,39500,67500,1983,0.239,0.56,0.001,2
1100,0.025882353,0.33,12.75,48300,67000,1983,0.137,0.69,0.001,3
1101,0.026980392,0.344,12.75,72000,85500,1983,0.065,1.04,0.061,6
1102,0.024470588,0.312,12.75,47200,68000,1983,0.152,0.41,0.001,3
1103,0.029411765,0.375,12.75,51000,71500,1983,0.195,1.07,0.001,4
1104,0.024470588,0.312,12.75,56500,69000,1983,0.099,0.94,0.018,5
1105,0.026980392,0.344,12.75,44000,60500,1983,0.155,0.69,0.001,3
1106,0.022039216,0.281,12.75,45200,66000,1983,0.247,0.5,0.001,3
1107,0.024470588,0.312,12.75,78000,89000,1983,0.055,1.06,0.064,6
1108,0.022039216,0.281,12.75,46000,69900,1983,0.264,0.45,0.001,3
1109,0.026139535,0.281,10.75,57000,67000,1983,0.091,0.88,0.015,5
1110,0.026139535,0.281,10.75,54500,68000,1983,0.104,1,0.018,5
1111,0.032,0.344,10.75,41000,60500,1983,0.163,0.64,0.001,2
1112,0.018883721,0.203,10.75,56500,74200,1954,0.253,0.808,0.001,4
1113,0.020372093,0.219,10.75,55500,72400,1954,0.248,0.777,0.001,4
1114,0.019607843,0.25,12.75,59700,71200,1954,0.253,0.474,0.001,5
1115,0.019607843,0.25,12.75,59000,70000,1954,0.249,0.468,0.001,5
1116,0.019607843,0.25,12.75,56600,69200,1954,0.261,0.45,0.001,5
1117,0.041777778,0.188,4.5,57600,73900,1965,0.223,0.574,0.001,5
1118,0.041777778,0.188,4.5,57200,75400,1965,0.242,0.575,0.001,5
1119,0.017176471,0.219,12.75,56500,75500,1961,0.222,1.03,0.001,5
1120,0.0195,0.312,16,48191,75441,1959,0.272,0.825,0.001,4
1121,0.03008,0.188,6.25,45961,57208,1946,0.12,0.407,0.001,2
1122,0.03008,0.188,6.25,46500,60706,1946,0.157,0.585,0.001,2
1123,0.03008,0.188,6.25,51908,63246,1946,0.164,0.458,0.001,2
1124,0.028377358,0.188,6.625,59600,71900,1965,0.203,1,0.001,3
1125,0.028377358,0.188,6.625,59000,71800,1965,0.201,1.011,0.001,3
1126,0.011466667,0.344,30,49700,78700,1956,0.248,0.972,0.001,3
1127,0.011466667,0.344,30,55100,79000,1956,0.248,0.972,0.001,3
1128,0.011466667,0.344,30,47700,72600,1956,0.237,0.903,0.001,3
1129,0.011466667,0.344,30,47900,72100,1956,0.237,0.903,0.001,3
1130,0.021797101,0.188,8.625,47732,61487,1950,0.229,0.428,0.001,2
1131,0.02809633,0.245,8.72,82900,104000,1967,0.223,0.881,0.001,6
1132,0.028037383,0.24,8.56,81400,102200,1967,0.223,0.887,0.001,6
1133,0.028205128,0.242,8.58,76700,98000,1967,0.22,0.886,0.001,6
1134,0.041441441,0.276,6.66,79700,92000,1992,0.195,0.773,0.001,5
1135,0.028377358,0.188,6.625,57700,74200,1946,0.153,0.694,0.001,2
1136,0.028377358,0.188,6.625,54500,68600,1946,0.184,0.701,0.001,2
1137,0.028377358,0.188,6.625,53300,67600,1946,0.177,0.717,0.001,2
1138,0.02354717,0.156,6.625,55083,69225,1966,0.237,0.784,0.001,3
1139,0.02354717,0.156,6.625,55481,69483,1966,0.246,0.792,0.001,3
1140,0.033056604,0.219,6.625,48939,70424,1966,0.225,0.732,0.001,3
1141,0.0175625,0.281,16,61400,91500,1948,0.315,1.29,0.001,4
1142,0.019607843,0.25,12.75,52788,68279,1958,0.293,0.733,0.001,4
1143,0.019607843,0.25,12.75,53232,69271,1958,0.293,0.733,0.001,4
1144,0.019607843,0.25,12.75,54187,68674,1958,0.293,0.733,0.001,4
1145,0.037735849,0.25,6.625,57500,70200,1954,0.182,0.514,0.001,3
1146,0.037735849,0.25,6.625,54400,67200,1954,0.228,0.589,0.001,3
1147,0.037735849,0.25,6.625,52700,67700,1954,0.216,0.548,0.001,3
1148,0.037735849,0.25,6.625,50700,65300,1954,0.183,0.485,0.001,3
1149,0.037735849,0.25,6.625,54200,65200,1954,0.203,0.523,0.001,3
1150,0.0175625,0.281,16,48574,80225,1953,0.267,0.654,0.001,3
1151,0.0175625,0.281,16,47682,73044,1953,0.283,0.538,0.001,3
1152,0.028985507,0.25,8.625,52100,69100,1968,0.223,0.571,0.001,4
1153,0.021797101,0.188,8.625,50700,69700,1968,0.239,0.617,0.001,4
1154,0.022028986,0.19,8.625,54800,73900,1968,0.286,0.642,0.001,4
1155,0.021797101,0.188,8.625,54300,72900,1968,0.283,0.63,0.001,4
1156,0.042264151,0.28,6.625,52136,67127,1997,0.253,0.726,0.001,3
1157,0.042264151,0.28,6.625,53481,67079,1997,0.246,0.722,0.001,3
1158,0.02354717,0.156,6.625,53005,67131,1966,0.258,0.888,0.001,3
1159,0.02354717,0.156,6.625,66754,79601,1966,0.258,0.861,0.001,3
1160,0.02354717,0.156,6.625,64440,77767,1966,0.257,0.879,0.001,3
1161,0.02354717,0.156,6.625,67649,80008,1997,0.208,0.846,0.001,3
1162,0.028985507,0.25,8.625,51500,67000,1967,0.209,0.809,0.001,3
1163,0.028985507,0.25,8.625,48000,64500,1967,0.209,0.809,0.001,3
1164,0.028985507,0.25,8.625,48700,66000,1967,0.209,0.809,0.001,3
1165,0.028985507,0.25,8.625,51000,66000,1967,0.209,0.809,0.001,3
1166,0.028985507,0.25,8.625,52500,65500,1967,0.209,0.809,0.001,3
1167,0.028985507,0.25,8.625,51500,64500,1967,0.209,0.809,0.001,3
1168,0.061714286,0.216,3.5,73268,74913,2014,0.053,1.03,0.02,5
1169,0.033056604,0.219,6.625,58595,67924,1977,0.203,0.963,0.001,2
1170,0.02855814,0.307,10.75,36120,51352,1948,0.048,0.33,0.001,2
1171,0.02855814,0.307,10.75,35548,51030,1948,0.048,0.33,0.001,2
1172,0.02855814,0.307,10.75,34476,49733,1948,0.048,0.33,0.001,2
1173,0.02855814,0.307,10.75,35309,50591,1948,0.038,0.378,0.001,2
1174,0.02855814,0.307,10.75,33401,49099,1948,0.038,0.378,0.001,2
1175,0.02855814,0.307,10.75,33065,49868,1948,0.038,0.378,0.001,2
1176,0.02855814,0.307,10.75,33217,45492,1948,0.048,0.33,0.001,2
1177,0.02855814,0.307,10.75,34015,45814,1948,0.048,0.33,0.001,2
1178,0.02855814,0.307,10.75,34073,46183,1948,0.048,0.33,0.001,2
1179,0.02855814,0.307,10.75,35448,48143,1948,0.038,0.378,0.001,2
1180,0.02855814,0.307,10.75,35619,47387,1948,0.038,0.378,0.001,2
1181,0.02855814,0.307,10.75,35184,46681,1948,0.038,0.378,0.001,2
1182,0.02354717,0.156,6.625,60587,78012,1963,0.232,1.187,0.001,5
1183,0.02354717,0.156,6.625,61966,70353,1963,0.179,1.197,0.001,5
1184,0.02354717,0.156,6.625,62541,70531,1963,0.185,1.162,0.001,5
1185,0.02354717,0.156,6.625,58982,70016,1963,0.19,1.075,0.001,5
1186,0.02354717,0.156,6.625,65140,82151,1963,0.23,1.188,0.001,5
1187,0.02354717,0.156,6.625,63136,79222,1963,0.232,1.188,0.001,5
1188,0.025962264,0.172,6.625,66989,79900,1963,0.184,1.297,0.002,5
1189,0.02354717,0.156,6.625,62828,79135,1963,0.224,1.165,0.001,5
1190,0.02354717,0.156,6.625,60815,78056,1963,0.243,1.163,0.001,5
1191,0.01875,0.375,20,49457,74336,1970,0.199,1.12,0.001,5
1192,0.01875,0.375,20,47817,76060,1970,0.199,1.12,0.001,5
1193,0.015636364,0.344,22,47724,71422,1960,0.256,0.844,0.001,4
1194,0.015636364,0.344,22,48515,77801,1960,0.23,0.863,0.001,4
1195,0.015636364,0.344,22,44585,75184,1960,0.243,0.87,0.001,4
1196,0.015636364,0.344,22,52852,83443,1960,0.253,0.919,0.001,4
1197,0.028985507,0.25,8.625,50837,81469,1957,0.3,0.954,0.001,3
1198,0.028985507,0.25,8.625,49364,77701,1957,0.274,0.989,0.001,3
1199,0.029411765,0.375,12.75,46732,73596,1937,0.245,0.783,0.001,2
1200,0.029411765,0.375,12.75,55476,74505,1937,0.245,0.783,0.001,2
1201,0.015921569,0.203,12.75,51344,74873,1959,0.261,0.892,0.001,3
1202,0.015921569,0.203,12.75,57411,76739,1959,0.244,0.883,0.001,3
1203,0.015921569,0.203,12.75,53311,75879,1959,0.279,0.87,0.002,3
1204,0.015921569,0.203,12.75,50573,73656,1959,0.278,0.867,0.002,3
1205,0.015921569,0.203,12.75,48633,69600,1959,0.29,0.808,0.001,3
1206,0.015921569,0.203,12.75,49124,69045,1959,0.26,0.826,0.001,3
1207,0.015921569,0.203,12.75,50303,72375,1959,0.267,0.782,0.001,3
1208,0.015921569,0.203,12.75,51081,70091,1959,0.266,0.781,0.001,3
1209,0.015921569,0.203,12.75,52572,73303,1959,0.268,0.84,0.001,3
1210,0.015921569,0.203,12.75,48263,70828,1959,0.26,0.773,0.001,3
1211,0.024470588,0.312,12.75,44996,72838,1950,0.243,0.806,0.001,3
1212,0.0175625,0.281,16,53325,68877,1948,0.229,0.752,0.001,4
1213,0.0175625,0.281,16,59889,81372,1948,0.27,0.916,0.001,4
1214,0.015625,0.25,16,58568,79832,1948,0.256,0.553,0.001,4
1215,0.015625,0.25,16,55558,73242,1948,0.254,0.712,0.001,4
1216,0.015625,0.25,16,59871,79909,1948,0.286,0.67,0.001,4
1217,0.015625,0.25,16,59337,77256,1948,0.254,0.54,0.001,4
1218,0.015625,0.25,16,63692,79102,1948,0.238,0.616,0.001,4
1219,0.028377358,0.188,6.625,49136,63969,1956,0.225,0.736,0.001,2
1220,0.028377358,0.188,6.625,53662,68462,1956,0.241,0.716,0.001,2
1221,0.029411765,0.375,12.75,41519,71107,1978,0.254,0.741,0,2
1222,0.025391304,0.219,8.625,54896,69026,1946,0.229,0.435,0.001,2
1223,0.025391304,0.219,8.625,58731,72953,1946,0.229,0.435,0.001,2
1224,0.013,0.312,24,53500,67000,1948,0.293,0.96,0.001,5
1225,0.013,0.312,24,60900,82200,1948,0.241,1.14,0.001,5
1226,0.013,0.312,24,60400,82200,1948,0.268,1.06,0.001,5
1227,0.013,0.312,24,64500,84900,1948,0.278,1.01,0.001,5
1228,0.023255814,0.25,10.75,49700,65900,1956,0.172,0.65,0.001,2
1229,0.047,0.188,4,59200,71300,1970,0.212,0.608,0.001,3
1230,0.047,0.188,4,57100,71100,1970,0.21,0.6,0.001,3
1231,0.047,0.188,4,51300,64700,1970,0.206,0.598,0.001,3
1232,0.047,0.188,4,57400,69400,1970,0.21,0.602,0.001,3
1233,0.047,0.188,4,52800,64300,1970,0.191,0.59,0.001,3
1234,0.047,0.188,4,50300,62200,1970,0.202,0.557,0.001,3
1235,0.047,0.188,4,53100,65000,1970,0.218,0.583,0.001,3
1236,0.047,0.188,4,57300,70600,1970,0.212,0.604,0.001,3
1237,0.047,0.188,4,54400,65400,1970,0.183,0.564,0.001,3
1238,0.05925,0.237,4,42700,65800,1970,0.123,0.505,0.001,3
1239,0.047,0.188,4,62300,73700,1970,0.199,0.546,0.001,3
1240,0.047,0.188,4,65200,70248,1970,0.052,0.975,0.023,3
1241,0.047,0.188,4,61300,68600,1970,0.06,0.877,0.016,3
1242,0.017176471,0.219,12.75,49100,78000,1962,0.286,0.89,0.001,5
1243,0.017176471,0.219,12.75,47900,76000,1962,0.291,1.01,0.001,5
1244,0.020625,0.495,24,83460,90873,2017,0.036,1.56,0.064,8
1245,0.020625,0.495,24,82995,92531,2017,0.036,1.56,0.064,8
1246,0.020625,0.495,24,87076,96987,2017,0.049,1.55,0.067,8
1247,0.020625,0.495,24,88842,100660,2017,0.049,1.55,0.067,8
1248,0.0195,0.312,16,63894,77502,1957,0.282,0.69,0.001,4
1249,0.0195,0.312,16,63661,85490,1957,0.274,0.94,0.001,4
1250,0.028985507,0.25,8.625,51025,72529,1957,0.162,0.639,0.001,2
1251,0.025882353,0.33,12.75,46773,74686,1952,0.254,0.676,0.001,2
1252,0.025882353,0.33,12.75,47882,73734,1952,0.25,0.67,0.001,2
1253,0.025936599,0.225,8.675,59498,73047,1953,0.264,0.718,0.001,4
1254,0.019607843,0.25,12.75,74600,99600,1968,0.184,1.01,0.026,6
1255,0.014333333,0.344,24,65947,77332,1972,0.105,1.3,0.001,5
1256,0.014333333,0.344,24,65941,86952,1972,0.186,1.23,0.001,5
1257,0.018883721,0.203,10.75,49752,60437,1951,0.15,0.66,0.001,3
1258,0.037333333,0.322,8.625,44879,74652,1940,0.239,0.529,0.001,2
1259,0.015625,0.25,16,64509,80594,1954,0.27,0.794,0.001,5
1260,0.015921569,0.203,12.75,62120,82654,1960,0.279,0.782,0.001,4
1261,0.015921569,0.203,12.75,57942,78281,1960,0.267,0.819,0.001,4
1262,0.015921569,0.203,12.75,60128,78903,1960,0.24,0.746,0.001,4
1263,0.019607843,0.25,12.75,55218,76711,1972,0.216,0.701,0.001,2
1264,0.019607843,0.25,12.75,61871,80491,1966,0.264,0.718,0.001,5
1265,0.019607843,0.25,12.75,58438,74943,1966,0.264,0.718,0.001,5
1266,0.034352941,0.438,12.75,40453,68055,1949,0.223,0.54,0.001,2
1267,0.025,0.25,10,49465,74285,1945,0.232,0.664,0.001,2
1268,0.05475,0.219,4,35453,60037,1958,0.123,0.607,0.001,1
1269,0.028377358,0.188,6.625,51985,62029,1960,0.096,0.63,0.007,2
1270,0.015921569,0.203,12.75,61950,81701,1972,0.2,0.972,0.036,5
1271,0.032115942,0.277,8.625,50164,77529,1945,0.153,0.427,0.001,2
1272,0.0115,0.23,20,65253,78765,1968,0.289,1.17,0.001,5
1273,0.015636364,0.344,22,52608,78949,1948,0.256,0.82,0,4
1274,0.012772727,0.281,22,53598,72346,1949,0.234,0.936,0.001,3
1275,0.012772727,0.281,22,49884,71933,1949,0.227,0.708,0.001,3
1276,0.012772727,0.281,22,51957,71061,1949,0.226,0.718,0.001,3
1277,0.023255814,0.25,10.75,55538,71486,1975,0.215,0.74,0.001,3
1278,0.045735849,0.303,6.625,29214,52386,1929,0.105,0.506,0.001,1
1279,0.015625,0.25,16,56363,72828,1968,0.246,0.892,0.001,5
1280,0.015625,0.25,16,50950,69436,1974,0.217,1.26,0.001,4
1281,0.021797101,0.188,8.625,60579,70780,2011,0.06,0.634,0.029,5
1282,0.0195,0.312,16,41435,68318,1955,0.258,0.535,0.001,2
1283,0.0156,0.312,20,48424,70209,1977,0.24,1.082,0.001,3
1284,0.041777778,0.188,4.5,65333,76582,1956,0.184,0.544,0.001,2
1285,0.014181818,0.312,22,59876,85478,1949,0.274,1.07,0.001,4
1286,0.010807692,0.281,26,58436,78915,1954,0.239,0.996,0.001,5
1287,0.010807692,0.281,26,52702,78723,1954,0.239,0.996,0.001,5
1288,0.010807692,0.281,26,60063,80154,1954,0.268,1.155,0.001,5
1289,0.010807692,0.281,26,52903,79592,1954,0.268,1.155,0.001,5
1290,0.010807692,0.281,26,56444,76663,1954,0.249,0.961,0.001,5
1291,0.010807692,0.281,26,49770,75049,1954,0.249,0.961,0.001,5
1292,0.010807692,0.281,26,60398,83233,1954,0.279,1.082,0.002,5
1293,0.010807692,0.281,26,52622,82360,1954,0.279,1.082,0.002,5
1294,0.010807692,0.281,26,56169,78151,1954,0.258,0.995,0.002,5
1295,0.010807692,0.281,26,50686,77397,1954,0.258,0.995,0.002,5
1296,0.04025,0.322,8,25559,47173,1929,0.039,0.4,0.001,1
1297,0.04025,0.322,8,26652,47054,1929,0.076,0.297,0.001,1
1298,0.04025,0.322,8,25428,46492,1929,0.053,0.392,0.001,1
1299,0.019607843,0.25,12.75,51299,76839,1970,0.292,1.01,0.001,2
1300,0.019607843,0.25,12.75,55433,72393,1954,0.244,0.749,0.001,4
